time,DRB.UEThpDl,RF.serving.RSRP,RF.serving.RSRQ,RF.serving.RSSINR,RRU.PrbUsedDl,Viavi.UE.anomalies,measTimeStampRf,nbCellIdentity_0,nbCellIdentity_1,nbCellIdentity_2,nbCellIdentity_3,nrCellIdentity,rsrp_nb0,rsrp_nb1,rsrp_nb2,rsrp_nb3,rsrp_nb4,rsrq_nb0,rsrq_nb1,rsrq_nb2,rsrq_nb3,rsrq_nb4,rssinr_nb0,rssinr_nb1,rssinr_nb2,rssinr_nb3,rssinr_nb4,step,targetTput,ue-id,x,y
2024-08-18T10:11:50.359826Z,25.352759325528574,-57.631830300703314,-40.0,14207659294.874537,14.913087112849336,0,2024-08-18 10:11:50.344118,2.0,,,,1,-67.32592946459347,11.679224176954422,63.83853515730409,17.475677529543624,41.697035474449336,-40.0,-40.0,-40.0,-40.0,-40.0,1524448009.6879964,63.28107689386402,88.27210687348044,8.515093336345881,31.482428333129587,0,12.56095040904403,UE0,300.09115772141763,191.8842580448537
2024-08-18T10:11:51.206719Z,25.390171074079955,-65.17272108181385,-40.0,2502842124.889062,3.799564633725383,1,2024-08-18 10:11:50.344208,2.0,,,,1,-74.21124783805196,56.37920947333904,15.543453101446216,74.6116504990757,14.22577753726572,-40.0,-40.0,-40.0,-40.0,-40.0,312306325.2771235,11.049426359888438,46.74853484983915,46.24994465118822,73.44550426524268,0,73.98437452746474,UE1,167.5696364763584,119.24818281732882
2024-08-18T10:11:51.939264Z,25.334749298853765,-64.82623612348536,-40.0,2710703095.5787063,85.70661582984778,1,2024-08-18 10:11:50.344257,1.0,,,,6,-65.84690382950205,15.726655056741908,91.95699089270023,95.14008241850598,75.47373141203805,-40.0,-40.0,-40.0,-40.0,-40.0,2142965508.9834037,89.37202811592348,5.6326126032123645,35.35767308441198,12.217511167707643,0,39.2434329547899,UE2,216.5916772543158,505.0946217537196
2024-08-18T10:11:52.680261Z,25.14619245518415,-65.90673471016396,-40.0,2113645226.1340728,83.60421108458736,0,2024-08-18 10:11:50.344382,,,,,3,52.1511609689309,23.270572604420785,95.04359433292782,19.314908196717923,38.06881803027247,-40.0,-40.0,-40.0,-40.0,-40.0,26.84669827551764,9.724583358394034,74.28918098732792,49.145752855181655,71.18882711009887,0,47.07329326185152,UE3,951.5911331540937,232.7251114046657
2024-08-18T10:11:53.408217Z,25.37631334205381,-68.8520399509212,-40.0,1072757523.4129648,71.75018486317586,1,2024-08-18 10:11:50.344428,,,,,1,69.63719383972759,14.571540858791067,13.210291549748383,65.95092317108188,86.26418585506943,-40.0,-40.0,-40.0,-40.0,-40.0,98.75816161114682,82.14837140472616,99.15417523417156,62.18318028332681,63.370793547658,0,34.33852420459772,UE4,21.59663108240924,189.56215873423756
2024-08-18T10:11:54.135026Z,25.52244991446632,-68.22367606918223,-40.0,1239760962.397854,82.2559184984426,0,2024-08-18 10:11:50.344469,3.0,,,,2,-68.3882293230914,43.50318623889215,29.32281848963205,15.493967652229609,31.7662280099984,-40.0,-40.0,-40.0,-40.0,-40.0,1193665472.3805034,69.17949785491847,68.40724992668738,21.853953775401184,14.709231007924895,0,22.870529158717268,UE5,711.6579452763172,52.35985827198306
2024-08-18T10:11:54.868916Z,25.02545232471246,-66.34478057653621,-40.0,1910854002.8498385,58.76622879867084,0,2024-08-18 10:11:50.344603,4.0,6.0,,,5,-70.066580031204,-66.88741608449143,57.99038577618339,13.702407591191491,87.36549105265395,-40.0,-40.0,-40.0,-40.0,-40.0,811049873.6247172,1686413055.3509264,4.906076712362861,36.588305155439045,95.3733979281702,0,27.947353654168232,UE6,475.87260715087166,679.030398315506
2024-08-18T10:11:55.606728Z,25.15231821487663,-44.30720973566753,-40.0,305481272149.21185,8.664449291495695,0,2024-08-18 10:11:50.344679,1.0,5.0,,,6,-74.00888065823169,-74.23474723964536,61.23467101412565,64.13531483047332,41.30923914307318,-40.0,-40.0,-40.0,-40.0,-40.0,327203166.7750868,310621019.0250588,3.68660784473864,84.46192734265662,51.9449001490439,0,26.234291890399987,UE7,248.6835124866472,656.5377005430571
2024-08-18T10:11:56.339839Z,25.29426816785428,-64.81146526542062,-40.0,2719938206.533582,91.41586412270296,0,2024-08-18 10:11:50.344733,,,,,4,12.530802869725632,83.27629182590084,57.96187640592529,25.681583197413968,18.408067307668052,-40.0,-40.0,-40.0,-40.0,-40.0,74.58639557865385,44.01661816770074,2.844993537544192,23.0338526316672,36.32423683575496,0,20.36465748971718,UE8,928.7171341627328,775.2778550298225
2024-08-18T10:11:57.085915Z,25.09383965363821,-68.21101084560217,-40.0,1243381723.9231503,40.06554520845375,1,2024-08-18 10:11:50.344774,1.0,,,,6,-68.84649084603438,62.48634335366558,2.741893365746514,65.77407737810869,81.29549133542197,-40.0,-40.0,-40.0,-40.0,-40.0,1074129092.4619863,44.08811029847877,34.049430471088975,24.30389874135056,90.69051357210334,0,27.41529674295894,UE9,401.04288014407206,503.7237750434232
2024-08-18T10:11:57.812391Z,25.474952213896017,-52.45689080770828,-40.0,46775289414.8863,13.133284607576751,0,2024-08-18 10:11:50.344817,,,,,6,65.79231092088574,69.52396655849662,4.2165821217258594,43.13147256300656,50.76339067635893,-40.0,-40.0,-40.0,-40.0,-40.0,11.509548276627966,26.22785864247295,1.6603561012050707,78.07117588885069,68.39199936358277,0,92.49101368171678,UE10,166.27192878037957,708.7458469954445
2024-08-18T10:11:58.548237Z,25.201315090784437,-55.75732259195277,-40.0,21876271512.508068,24.9944905395122,0,2024-08-18 10:11:50.344859,1.0,,,,2,-73.35055167031175,25.147709075679256,82.64818599379426,37.72014996728531,7.289167099663129,-40.0,-40.0,-40.0,-40.0,-40.0,380759192.44455546,36.15893131992461,62.97498790363889,48.06031160509407,34.75925048697148,0,51.44734678061531,UE11,466.0605425105314,35.64043439414161
2024-08-18T10:11:59.280266Z,25.03795985135693,-56.43064475673893,-40.0,18734456068.138847,16.255916560428865,1,2024-08-18 10:11:50.344903,4.0,6.0,,,5,-70.33902770269017,-67.93251120894864,52.47720761685598,61.2122126174666,74.36649747260532,-40.0,-40.0,-40.0,-40.0,-40.0,761733040.6743225,1325728043.6629484,45.539661708502926,57.65295502107151,19.83699350565852,0,86.78671857651923,UE12,480.7582394391903,776.587935427016
2024-08-18T10:12:00.009214Z,25.169092618458954,-48.39587143049587,-40.0,119156687363.82938,83.03427378939777,0,2024-08-18 10:11:50.344950,5.0,,,,6,-69.5313449372247,10.387354461218097,66.37978098624752,55.203354601111904,92.53032868998454,-40.0,-40.0,-40.0,-40.0,-40.0,917426055.7965304,24.234584474584416,24.00776476009843,62.67975412475678,62.444469797826144,0,35.14632654614284,UE13,295.35341957956456,742.0018066341726
2024-08-18T10:12:00.736258Z,25.295901484606578,-60.5134589859064,-40.0,7317448347.121943,53.592758487181285,0,2024-08-18 10:11:50.344996,4.0,6.0,,,5,-63.83853692591856,-73.00478503466448,63.619623388769874,50.256715949676405,97.07940346221348,-40.0,-40.0,-40.0,-40.0,-40.0,3402921035.845388,412313030.88702136,65.46318642439329,74.56199084290138,9.054053264099675,0,58.08754920622773,UE14,582.5109048798753,770.440027768874
2024-08-18T10:12:01.463875Z,25.072951953647067,-54.89434993730664,-40.0,26685206651.563053,30.563144193166064,0,2024-08-18 10:11:50.345043,1.0,3.0,,,2,-72.79006261911991,-66.31428668315533,57.9544154005396,87.2504709401323,37.78787759119263,-40.0,-40.0,-40.0,-40.0,-40.0,433210826.9971932,1924318237.117169,20.09653545174886,56.6038899834495,57.981420899079744,0,91.43745760467222,UE15,560.5898231163721,191.34255426713315
2024-08-18T10:12:02.215321Z,25.32447701378412,-62.44192022727155,-40.0,4693680690.418321,60.2235870128967,0,2024-08-18 10:11:50.345090,4.0,6.0,,,5,-66.9587098077763,-70.00630581578572,81.86540499889685,88.52382809972957,11.1933890326715,-40.0,-40.0,-40.0,-40.0,-40.0,1658954914.353293,822384625.3508223,48.533539604154114,38.82986212749244,71.43432739901128,0,80.6245765813154,UE16,527.7204578933993,725.6655951838201
2024-08-18T10:12:02.949226Z,25.108986572522035,-63.81681381822497,-40.0,3419984850.4353147,95.82384898909774,1,2024-08-18 10:11:50.345140,6.0,,,,1,-70.19266002581314,42.0391579814074,26.622364453917392,65.04563945153775,43.51805927315799,-40.0,-40.0,-40.0,-40.0,-40.0,787842783.8470258,63.94253342673418,66.8971825885668,22.964423601391665,91.43386674533872,0,67.84467788503203,UE17,136.42614805843405,441.4897936854439
2024-08-18T10:12:03.678117Z,25.31670527084531,-69.04119282207816,-40.0,143.04400815868797,68.96902174998802,1,2024-08-18 10:11:50.345188,1.0,3.0,4.0,5.0,6,-73.58100547040875,-74.79671767197732,-71.76215946386226,-73.22110520348812,6.893766163380516,-40.0,-40.0,-40.0,-40.0,-40.0,79.23891079267692,5.339327721548261,79.57293469975323,392278985.7368611,16.15024047875029,0,44.87070926832328,UE18,473.9148927695742,564.615703584763
2024-08-18T10:12:04.421160Z,25.208198877514228,-67.6386061823,-40.0,1418550972.581152,43.26000918229529,0,2024-08-18 10:11:50.345252,1.0,4.0,5.0,,6,-74.93856865102423,-71.1020913814418,-70.95307843229047,6.382141177515999,78.15577585688969,-40.0,-40.0,-40.0,-40.0,-40.0,49.79381303462727,126.6276300124139,661298779.0218656,48.661371242366044,71.78049861569093,0,11.38361830410393,UE19,470.189859348515,608.5044040480263
2024-08-18T10:12:05.201691Z,25.31918546696781,-69.33511571321158,-40.0,959829276.958822,61.24827924795354,1,2024-08-18 10:11:50.345307,,,,,3,26.319059868239748,16.20943864325099,33.02569066106813,88.56987875917302,23.05948213237991,-40.0,-40.0,-40.0,-40.0,-40.0,98.45438766356092,26.163284531676357,52.30501334011904,8.571626836680881,23.50605569888466,0,87.79803341489773,UE20,975.20375200385,156.94358406323516
2024-08-18T10:12:05.950069Z,25.55855875899597,-43.76866423839692,-40.0,345811267931.6644,42.16262480229608,1,2024-08-18 10:11:50.345347,2.0,,,,1,-71.3738438735158,17.66294716774724,57.41303610441417,62.38314057922077,41.1571071564356,-40.0,-40.0,-40.0,-40.0,-40.0,600234807.8564383,86.65199060374302,82.88190424840656,70.21133481360813,9.88672470412759,0,18.91088913256632,UE21,260.2370642670639,261.1480983272241
2024-08-18T10:12:06.680188Z,25.445994744571124,-55.473807424134776,-40.0,23352039773.025345,68.41663714313104,0,2024-08-18 10:11:50.345393,4.0,,,,5,-73.03163326853449,73.41288760141515,85.21464063696546,20.660154766171967,69.87943913307546,-40.0,-40.0,-40.0,-40.0,-40.0,409771960.1703087,57.65131684401223,70.52877910858787,63.47643881251721,23.98512331568751,0,70.226109143232,UE22,539.6540542074599,959.8616659421444
2024-08-18T10:12:07.414656Z,25.38533466176323,-58.64521670698903,-40.0,11250812664.63279,32.496598934259765,1,2024-08-18 10:11:50.345437,,,,,3,24.47522101648488,87.83457719864623,18.77173190212981,18.838375769600347,15.392329583713938,-40.0,-40.0,-40.0,-40.0,-40.0,10.163078830636069,7.760122986302862,5.636745097622384,19.142796050261445,58.85947020299892,0,50.70708542050895,UE23,842.9943224552633,208.81289407309063
2024-08-18T10:12:08.145451Z,25.208417599048683,-69.5483157959993,-40.0,913848039.5198866,49.40912908056967,1,2024-08-18 10:11:50.345476,6.0,,,,1,-70.9336591718519,79.97691046460392,88.73923243187477,61.75057838993583,20.06738301163049,-40.0,-40.0,-40.0,-40.0,-40.0,664262364.244778,80.02394898982774,78.7306215768758,99.58584079205684,20.319145543005146,0,32.67921319290788,UE24,53.0724877210357,478.3207397994976
2024-08-18T10:12:08.876987Z,25.399494474503083,-58.27801868604236,-40.0,12243446715.145948,88.93719497486379,0,2024-08-18 10:11:50.345523,2.0,,,,3,-74.69692134446848,47.07959308286407,9.579769330610732,4.049209902661202,80.44938157404856,-40.0,-40.0,-40.0,-40.0,-40.0,279263019.60596144,58.44981604198332,20.001323138451763,25.71707408127287,13.324436586135096,0,35.52517890992211,UE25,833.9117265265319,204.67244534683692
2024-08-18T10:12:09.638721Z,25.261562034687664,-42.58643717845413,-40.0,454006265363.3664,77.47262705261184,0,2024-08-18 10:11:50.345569,1.0,3.0,,,2,-70.41620684163317,-70.98389726142842,43.36147132127466,31.628480367836254,5.277419249574747,-40.0,-40.0,-40.0,-40.0,-40.0,748315739.4680173,656622617.3873019,91.24314747244496,94.36578091319176,30.41613994407433,0,16.98332362367349,UE26,490.6529487225204,154.23938554210574
2024-08-18T10:12:10.384026Z,25.46480717894049,-70.17942879574936,-40.0,790246688.2928352,5.930561688817172,1,2024-08-18 10:11:50.345615,1.0,,,,6,-72.01360881009461,64.46823178971566,37.48364871538645,48.24558557813224,42.66360488394101,-40.0,-40.0,-40.0,-40.0,-40.0,518017799.94062585,78.53499739343508,99.20106761251218,21.68137194060173,43.15601442565972,0,42.82445746575549,UE27,30.571796512432115,522.6907656071909
2024-08-18T10:12:11.145014Z,25.134037035763576,-71.40183524976521,-40.0,596378583.4389715,9.188511351744726,0,2024-08-18 10:11:50.345724,6.0,,,,1,-72.57629314158234,65.94551598152223,43.52175525272808,23.158458869776528,50.53766623118125,-40.0,-40.0,-40.0,-40.0,-40.0,455067950.2977301,79.2633608254028,52.002272337365646,60.96243176623658,60.81768419109864,0,86.68797968914537,UE28,6.877375501014613,476.22078667963655
2024-08-18T10:12:11.894474Z,25.35677819347918,-71.06514228325959,-40.0,644453127.6700284,3.019959126084312,1,2024-08-18 10:11:50.345778,1.0,,,,2,-70.89324463184235,27.42774032934827,19.85015105973229,18.2539315579906,88.44318927398908,-40.0,-40.0,-40.0,-40.0,-40.0,670472702.706365,96.26536582311076,45.431612396266445,14.953696907399722,36.40835050408101,0,93.26225517374203,UE29,255.68986010668797,9.696967179979254
2024-08-18T10:12:12.642365Z,25.471437946652227,-59.53368305784154,-40.0,9169322720.737118,89.60536812223131,0,2024-08-18 10:11:50.345823,6.0,,,,5,-66.26311622405733,33.25078106567974,95.95467286944836,59.62238331128831,47.46108862950055,-40.0,-40.0,-40.0,-40.0,-40.0,1947125487.6386092,56.23065143856865,88.74868452982322,53.08507064714253,40.679909640197565,0,64.43572436524877,UE30,375.5049236375792,877.7853695729966
2024-08-18T10:12:13.392247Z,25.57409538925565,-39.268838626067975,-40.0,974589440288.482,95.03880297833308,0,2024-08-18 10:11:50.345868,1.0,3.0,,,2,-70.91468285396276,-71.16761124851422,64.79188488102838,57.59207541898,90.4933787960552,-40.0,-40.0,-40.0,-40.0,-40.0,667171181.5413231,629425653.1415628,87.4052758524445,46.18756845995918,92.93202887342596,0,19.42840317068607,UE31,493.8682136580561,141.647523032124
2024-08-18T10:12:14.123207Z,25.422192894646983,-68.40449299227711,-40.0,1189203735.8353934,55.4796904372814,0,2024-08-18 10:11:50.345915,,,,,4,34.14246528305434,4.832379432768635,34.80089344729531,24.38000642149873,48.86189440626963,-40.0,-40.0,-40.0,-40.0,-40.0,45.58965304946314,75.3625800864431,20.61555897419798,90.41333704415608,91.04371049355396,0,86.63181413220953,UE32,984.368894857532,624.3026895151007
2024-08-18T10:12:14.853834Z,25.55417741059102,-57.14609567952528,-40.0,15888979185.974808,98.933467960672,1,2024-08-18 10:11:50.345957,1.0,,,,6,-70.48535063360589,48.54527295751813,28.078428366988387,16.21465766919779,91.6729583901245,-40.0,-40.0,-40.0,-40.0,-40.0,736496183.5619484,53.57304722063468,11.731731789024291,48.403483729908544,11.952574533090782,0,26.25075275208753,UE33,253.8853153052095,582.6152137336189
2024-08-18T10:12:15.598389Z,25.48075992506148,-62.54917707446465,-40.0,4579181490.630925,46.129061067797046,0,2024-08-18 10:11:50.346001,1.0,4.0,5.0,,6,-74.61829817886564,-73.66683608673098,-70.26470473165523,56.16997787743919,62.45869448472244,-40.0,-40.0,-40.0,-40.0,-40.0,96.75576167951316,65.16688573825706,774881140.5025578,88.15457274596412,48.22286153621956,0,98.59010636272208,UE34,407.2946897737605,636.1420811779997
2024-08-18T10:12:16.324542Z,25.003853826515037,-52.114276237001945,-40.0,50614848397.64184,77.85729832711404,1,2024-08-18 10:11:50.346059,2.0,,,,3,-68.55293300482613,16.422134689291113,85.0809518286558,44.87675213995959,55.13336581025388,-40.0,-40.0,-40.0,-40.0,-40.0,1149244049.074945,31.78798278856953,43.73694692441582,59.415945283745394,61.73993534480592,0,98.51943199402058,UE35,671.3319696346086,276.52769197998833
2024-08-18T10:12:17.057433Z,25.484098202952516,-70.09998912903137,-40.0,804834623.458838,18.069989045660023,1,2024-08-18 10:11:50.346110,1.0,,,,6,-71.58438981362075,54.479325548505415,32.617491087259445,58.41971484037334,4.411210648371414,-40.0,-40.0,-40.0,-40.0,-40.0,571829534.7426058,67.71824203099601,60.47947360736363,35.015916475679084,69.2098938682843,0,93.91323940492308,UE36,37.23439006120281,517.005141179128
2024-08-18T10:12:17.792207Z,25.44048512577853,-60.37681562241984,-40.0,7551339599.55124,37.89405783835864,1,2024-08-18 10:11:50.346157,1.0,,,,6,-69.48085301078524,12.233982843186572,97.65442811875114,83.33804256434297,39.550851877988784,-40.0,-40.0,-40.0,-40.0,-40.0,928154475.180687,84.79039949009014,91.04014488813831,4.548868232460002,61.86514240290543,0,31.99337314534115,UE37,295.2634656378531,560.5816745023992
2024-08-18T10:12:18.520274Z,25.30272571851837,-64.76982936173805,-40.0,2746139708.042509,85.09380209645597,1,2024-08-18 10:11:50.346202,4.0,,,,3,-65.6096232200212,45.06632477415722,41.117775571495,36.80556780612375,35.80730632470557,-40.0,-40.0,-40.0,-40.0,-40.0,2263305829.811857,77.00404616292059,49.32732290701433,85.2334480518941,5.796118002852289,0,28.09680398224544,UE38,732.4294677547854,496.219289814741
2024-08-18T10:12:19.253671Z,25.45940234949369,-61.940931173646845,-40.0,5267595848.472715,8.84006590424924,0,2024-08-18 10:11:50.346247,1.0,,,,2,-65.74731590498763,88.9529763329073,9.959438250544396,55.26538574699116,47.52792627168957,-40.0,-40.0,-40.0,-40.0,-40.0,2192673528.784103,86.7659382865027,93.1775129173578,80.77531171610168,35.65009441629161,0,99.19669857340996,UE39,353.23749404494976,121.247342275015
2024-08-18T10:12:19.988341Z,25.281166454079724,-60.84894164913827,-40.0,6773472924.842906,32.15527202680447,1,2024-08-18 10:11:50.346294,,,,,4,30.571699657732985,37.63675526852813,60.44858539293784,60.51247167630801,50.15613040320908,-40.0,-40.0,-40.0,-40.0,-40.0,54.19151000203431,64.99799698096061,33.84250456939678,53.0940031636086,81.37756789584948,0,22.06192557692951,UE40,855.0914215940984,804.9636658631435
2024-08-18T10:12:20.715990Z,25.355590531232096,-55.22984751323517,-40.0,24701357018.835136,77.9054278683472,1,2024-08-18 10:11:50.346334,3.0,,,,4,-71.106834048496,11.86531899911513,86.09150330819725,20.91901229199689,42.47898623929509,-40.0,-40.0,-40.0,-40.0,-40.0,638296053.4689456,47.92903776417462,5.904684523895946,99.79733785775343,77.69350404213144,0,84.69115041147423,UE41,740.1294732595181,599.7619960623065
2024-08-18T10:12:21.446361Z,25.01272719603144,-44.18244960605429,-40.0,314384121738.49506,82.0317163837832,1,2024-08-18 10:11:50.346379,1.0,5.0,,,6,-74.2213058649614,-73.40972434622789,53.038722527610496,30.733369701542905,55.70293287635016,-40.0,-40.0,-40.0,-40.0,-40.0,311583877.5020763,375606526.10479486,3.741573961171308,36.07477235748013,80.39614315558498,0,74.68225000751522,UE42,268.2508599323776,661.0973504043928
2024-08-18T10:12:22.177039Z,25.2547952249022,-65.11159992264884,-40.0,2538315324.9938707,74.08272521787707,1,2024-08-18 10:11:50.346427,1.0,4.0,5.0,,6,-74.75064996604256,-72.46869796765141,-70.39434659450312,99.46523878970972,33.41328635886259,-40.0,-40.0,-40.0,-40.0,-40.0,71.22424940478601,88.52704240352347,752091888.3319387,54.08707385223232,96.78332050868512,0,36.19146627244261,UE43,436.8394765699725,624.4114173849115
2024-08-18T10:12:22.922970Z,25.40190155782616,-40.44318035175985,-40.0,743682443351.9536,48.41307439207709,1,2024-08-18 10:11:50.346488,2.0,,,,3,-71.49941159328066,32.4214254560994,79.71419545536529,11.40352583994622,62.94723876851756,-40.0,-40.0,-40.0,-40.0,-40.0,583128683.9135692,68.01279521999284,3.618642749716664,4.494963750215747,24.43158838352605,0,67.06037258179407,UE44,732.2630998612755,277.8026491231898
2024-08-18T10:12:23.668748Z,25.111289708594395,-59.69772293902602,-40.0,8829442246.513336,50.080889393863245,1,2024-08-18 10:11:50.346532,5.0,,,,6,-66.42105731435106,33.51833676817268,12.140040398901748,52.09649423688559,95.81595511384408,-40.0,-40.0,-40.0,-40.0,-40.0,1877585975.3982008,12.81257270139851,17.13123737600354,44.6454029646562,22.3522334154545,0,57.076925089048906,UE45,307.25812934720125,827.7143065164852
2024-08-18T10:12:24.402055Z,25.31794108689683,-65.16555094883375,-40.0,2506977690.4580307,20.68324673792174,1,2024-08-18 10:11:50.346677,1.0,2.0,,,3,-72.04344222645182,-69.46822407532053,59.34816222075555,41.47298268669347,50.24896319972657,-40.0,-40.0,-40.0,-40.0,-40.0,514471523.8495108,930857402.0494658,73.05714479152365,5.5216714179847335,5.028425462631602,0,74.14665971725415,UE46,557.2090451775554,361.218978649352
2024-08-18T10:12:25.127869Z,25.46539819632668,-70.6928567969031,-40.0,251.8482104263011,24.773867857536743,0,2024-08-18 10:11:50.346877,2.0,3.0,4.0,6.0,1,-74.97482051602535,-72.23444943455061,-73.8960151156375,-72.13195477879295,41.82784098602723,-40.0,-40.0,-40.0,-40.0,-40.0,261953081.99270228,19.624092791938992,25.03600176296158,38.91944856597189,24.003533227929328,0,39.4774941010075,UE47,477.7296973931748,473.9127351824345
2024-08-18T10:12:25.854750Z,25.147121803956484,-53.35847062705754,-40.0,38006554599.30619,57.77080083938242,0,2024-08-18 10:11:50.346949,4.0,6.0,,,5,-68.90225030321596,-74.67578353766947,21.38982520400959,33.69133669603031,17.55725718739454,-40.0,-40.0,-40.0,-40.0,-40.0,1060426406.1591789,280625550.5100053,76.60466244243426,94.5427324214262,69.71565142582449,0,16.644851798020134,UE48,579.1431966251569,888.6849408756786
2024-08-18T10:12:26.583898Z,25.11274560078824,-69.88102629163022,-40.0,846453168.323433,99.21305602315854,0,2024-08-18 10:11:50.347027,,,,,1,18.65234794749497,69.49387092294195,44.12117627680671,2.2129780605052343,79.52534999817613,-40.0,-40.0,-40.0,-40.0,-40.0,30.36173360695299,41.24649138366039,79.97096786599971,67.45674887406817,40.158040856827,0,80.6537348589936,UE49,2.71014529506747,187.74322522113584
2024-08-18T10:12:29.918477Z,25.352759325528574,-57.039202965585446,-40.0,16284906429.581535,1.6277479900559857,0,2024-08-18 10:12:29.900867,2.0,,,,1,-67.49274918364378,2.881211225332481,28.429097304210764,38.4517290649043,57.48274572854912,-40.0,-40.0,-40.0,-40.0,-40.0,1467001796.612947,71.98722652852572,94.34390214258455,25.76727898095546,49.21983612739803,1,89.06484989380051,UE0,299.3089853962165,196.8226997478294
2024-08-18T10:12:30.688045Z,25.390171074079955,-65.5403287177179,-40.0,2299707980.455169,11.98578094874536,1,2024-08-18 10:12:29.900956,2.0,,,,1,-74.34275870137155,17.021689082433166,23.87765148571938,85.09822131528772,94.017832639137,-40.0,-40.0,-40.0,-40.0,-40.0,302990975.90937084,39.6440855301786,61.66278003461221,80.11568579749006,46.94677847779996,1,34.12172938116547,UE1,164.77367195900467,115.10299495455362
2024-08-18T10:12:31.416711Z,25.334749298853765,-64.65561698481406,-40.0,2819316711.3001337,83.63511272666781,1,2024-08-18 10:12:29.901028,1.0,,,,6,-66.10758294986466,82.59544793778011,54.154671750669486,74.27469216898167,41.14297065801559,-40.0,-40.0,-40.0,-40.0,-40.0,2018121313.7700608,33.29108601831169,41.36297148296797,5.941432375982806,97.54666862374594,1,99.38397896239664,UE2,212.59849970407936,508.1036968694799
2024-08-18T10:12:32.162278Z,25.14619245518415,-66.11304163230116,-40.0,2015586314.247646,45.81079195314185,0,2024-08-18 10:12:29.901080,,,,,3,21.834244279874287,55.025617339542464,27.576350173904107,8.87578193064306,91.7315437445212,-40.0,-40.0,-40.0,-40.0,-40.0,14.230084228645156,70.78618073838598,74.40667708645375,74.34530188198231,44.21785790689022,1,78.06243822571763,UE3,953.0529916777072,227.9435876248505
2024-08-18T10:12:32.889673Z,25.37631334205381,-68.8487639349601,-40.0,1073567042.4714729,62.06857839434336,1,2024-08-18 10:12:29.901125,,,,,1,73.27712182127766,11.824722315750645,33.769454152725416,54.25796128460362,99.67682508508898,-40.0,-40.0,-40.0,-40.0,-40.0,73.93848805382981,62.38709067892784,8.711264805658779,33.097577326565215,26.758548667412807,1,53.3594384199067,UE4,23.866583581106976,185.1071261132957
2024-08-18T10:12:33.638373Z,25.52244991446632,-68.1119632902811,-40.0,1272064799.614658,50.59694368984767,0,2024-08-18 10:12:29.901170,3.0,,,,2,-68.08863521772363,48.15977037284373,16.703449943625017,6.13497801773969,77.94001552679066,-40.0,-40.0,-40.0,-40.0,-40.0,1278916063.68396,86.33568208864541,63.89513409397031,52.02857098669634,98.40725186468202,1,63.35563193298069,UE5,711.5706832441307,57.359096747765015
2024-08-18T10:12:34.370046Z,25.02545232471246,-66.54221236237909,-40.0,1825930856.4792964,65.8413318279574,0,2024-08-18 10:12:29.901221,4.0,6.0,,,5,-69.86312688664974,-67.16516785113387,80.12964813685221,75.53734835562841,87.72046194213324,-40.0,-40.0,-40.0,-40.0,-40.0,849949015.9554796,1581935525.0018678,52.07102421144835,64.52907824674155,4.942340138989596,1,73.46370499239025,UE6,479.8126609189053,675.9520909388776
2024-08-18T10:12:35.137019Z,25.15231821487663,-43.10200959050989,-40.0,403185221584.8612,41.23967940875387,1,2024-08-18 10:12:29.901278,1.0,5.0,,,6,-74.2132760804147,-74.04513034810003,73.77853960020595,92.09360421722964,5.395154121051126,-40.0,-40.0,-40.0,-40.0,-40.0,312160506.0103467,324483433.85220605,20.751841889623385,14.533366838864072,64.12135770982555,1,24.8449486639124,UE7,249.9776077121598,661.3673296745025
2024-08-18T10:12:35.882605Z,25.29426816785428,-64.46444774711176,-40.0,2946190259.6771936,11.20573754531998,0,2024-08-18 10:12:29.901332,,,,,4,2.354263451154942,58.55863241225729,51.59168794440052,99.52705870360808,34.20228685220516,-40.0,-40.0,-40.0,-40.0,-40.0,17.062455572822266,30.4243760241866,48.88398122428512,75.58427022101037,84.36914271657815,1,21.813545125563543,UE8,923.7293139114336,775.6266373985432
2024-08-18T10:12:36.616731Z,25.09383965363821,-68.49246543429078,-40.0,1165357084.3780518,32.52958025134491,1,2024-08-18 10:12:29.901377,1.0,,,,6,-68.87817171438003,79.57738622856346,45.048435176971886,20.513300230735943,80.64233458067481,-40.0,-40.0,-40.0,-40.0,-40.0,1066322056.7779714,41.74140059420864,15.142402601843315,38.671515839693946,91.24829160904002,1,11.16109106642616,UE9,405.3287166475826,501.1485846688729
2024-08-18T10:12:37.342683Z,25.474952213896017,-52.31127375752985,-40.0,48370233994.9285,91.33087042539933,0,2024-08-18 10:12:29.901426,,,,,6,91.21647205677311,64.47997581104025,6.046848915227704,43.10656297084362,48.037168267918325,-40.0,-40.0,-40.0,-40.0,-40.0,11.780574893720276,86.1283930271596,2.8492437852925447,28.91917898770732,67.48678692874314,1,73.94599182299237,UE10,166.79457109671785,703.7732375186031
2024-08-18T10:12:38.071400Z,25.201315090784437,-55.1435777124201,-40.0,25196939478.90028,50.33070875275895,1,2024-08-18 10:12:29.901472,1.0,3.0,,,2,-73.1501016367663,-74.91801260004736,14.115151948811471,56.3347586744207,59.13768244907463,-40.0,-40.0,-40.0,-40.0,-40.0,398745137.7881378,265402068.93712592,93.18973736743467,98.77327920556412,28.06571694666445,1,99.0771970492086,UE11,464.93578723881205,40.51228471806778
2024-08-18T10:12:38.803651Z,25.03795985135693,-55.82159871760419,-40.0,21554884115.57382,37.8149540847897,0,2024-08-18 10:12:29.901525,4.0,6.0,,,5,-70.49821973436659,-67.92682576147425,82.46462241453952,93.8509937128556,42.70120022042197,-40.0,-40.0,-40.0,-40.0,-40.0,734317013.6468681,1327464720.7997766,6.883473926200783,33.69438996999357,6.285087039640741,1,7.128116737414871,UE12,479.04813872256193,781.2863985309455
2024-08-18T10:12:39.536231Z,25.169092618458954,-48.4859476215274,-40.0,116710734419.0537,75.97749796492577,1,2024-08-18 10:12:29.901578,5.0,,,,6,-69.57195959813237,91.3382085347081,67.25547293154926,45.36984547383315,43.68243413375095,-40.0,-40.0,-40.0,-40.0,-40.0,908886398.5428852,84.29508010380917,53.51563051971264,52.33332737394635,95.15578996415093,1,31.73555667249198,UE13,292.1394815311319,745.8320288497674
2024-08-18T10:12:40.267278Z,25.295901484606578,-60.26469738891712,-40.0,7748824506.16854,65.9378351155098,0,2024-08-18 10:12:29.901627,4.0,6.0,,,5,-63.83565851052515,-73.13648530897684,42.2831511605428,4.743468504559724,93.14716485265949,-40.0,-40.0,-40.0,-40.0,-40.0,3405177170.19378,399997275.45763737,92.36843737463704,40.633537342315165,80.23935981543065,1,82.30886990816632,UE14,584.5445880952543,775.0077550570869
2024-08-18T10:12:41.014030Z,25.072951953647067,-58.22775080868922,-40.0,12385983103.125738,86.25591472939314,1,2024-08-18 10:12:29.901681,1.0,3.0,,,2,-74.01174232581977,-64.35001319143183,73.81220916175381,49.30959016176524,34.61762782450852,-40.0,-40.0,-40.0,-40.0,-40.0,326987635.99735594,3024852798.159837,2.668242847634473,23.043900320390783,50.29944101118912,1,59.41545569350826,UE15,590.4756640591245,193.95722654956296
2024-08-18T10:12:41.744488Z,25.32447701378412,-61.96980156887341,-40.0,5232694826.465505,61.28420566470911,0,2024-08-18 10:12:29.901736,4.0,6.0,,,5,-66.96590414737412,-70.06160830101092,34.76553218459039,40.78715743612703,61.47542236674632,-40.0,-40.0,-40.0,-40.0,-40.0,1656209034.4480906,811978881.5353918,51.25278059719187,53.02479112826988,26.309731271924267,1,33.52487518319431,UE16,528.2431002097376,730.6382046606615
2024-08-18T10:12:42.469962Z,25.108986572522035,-63.92290032126314,-40.0,3337455870.514073,6.59565005667357,0,2024-08-18 10:12:29.901789,6.0,,,,1,-69.92966643448054,45.85527415214237,36.3529144484806,10.872241601858464,10.50789443156266,-40.0,-40.0,-40.0,-40.0,-40.0,837025946.459789,12.598898072353348,76.5853342615027,44.72155639215756,43.26448747435914,1,30.487213513886203,UE17,139.4352231741943,445.48297123568034
2024-08-18T10:12:43.213095Z,25.31670527084531,-69.01451296287928,-40.0,71.59537763099506,17.88829022402738,0,2024-08-18 10:12:29.901837,1.0,3.0,4.0,5.0,6,-73.36066530535176,-74.77449059912055,-71.98092992658107,-73.42630485043972,88.46179676579706,-40.0,-40.0,-40.0,-40.0,-40.0,43.83485854839903,2.666928104895566,35.96038642948648,374175268.5569396,15.202656306414177,1,32.966879264432244,UE18,470.9058176538139,560.6225260345265
2024-08-18T10:12:43.938179Z,25.208198877514228,-67.77216069927753,-40.0,1375591533.4807546,59.90499886365753,0,2024-08-18 10:12:29.901911,1.0,4.0,5.0,,6,-74.77910386735827,-71.175317436696,-71.22958089809337,77.63213408587144,73.63245324718554,-40.0,-40.0,-40.0,-40.0,-40.0,26.26724426789105,60.01080376962627,620508127.4309186,83.44452367747735,50.101105747107695,1,32.535917307533296,UE19,470.36435683202745,603.5074499129308
2024-08-18T10:12:44.663203Z,25.31918546696781,-69.60165848084327,-40.0,902692254.4180003,9.443839334755827,0,2024-08-18 10:12:29.901973,,,,,3,54.946657914464296,29.271422028343853,77.81892475910475,11.38835167169117,11.595432869997133,-40.0,-40.0,-40.0,-40.0,-40.0,48.85723377104842,31.80395849595229,28.732903782308583,33.35092142943458,26.03053647431957,1,6.822960032438217,UE20,978.350353959099,153.0578542559503
2024-08-18T10:12:45.390976Z,25.55855875899597,-44.05339646821413,-40.0,323866417478.2449,47.1074205274128,1,2024-08-18 10:12:29.902019,2.0,,,,1,-71.14712390782967,45.83459226910302,77.25546894847615,83.26267001140779,95.66646978867848,-40.0,-40.0,-40.0,-40.0,-40.0,632401910.5335524,33.11250474566079,9.307499513246563,80.98884578575147,58.80125954886375,1,52.34254235675058,UE21,265.2180377575226,261.5838770409624
2024-08-18T10:12:46.116019Z,25.445994744571124,-55.62222849169365,-40.0,22567461743.406303,13.336413877927605,1,2024-08-18 10:12:29.902068,4.0,,,,5,-72.84744657975914,79.63899292847896,77.36907310708098,60.13460717465063,96.96245807879924,-40.0,-40.0,-40.0,-40.0,-40.0,427524399.9473759,72.06561040521511,23.03975616724712,86.38176998500109,5.560125058183751,1,7.803699217465985,UE22,544.4836833389053,958.5675707166318
2024-08-18T10:12:46.841524Z,25.38533466176323,-59.19523080425586,-40.0,9912483642.469809,46.77158692281319,0,2024-08-18 10:12:29.902230,,,,,3,96.1525451233522,68.99607013502138,53.51612707382942,80.00960933396776,78.83861942880435,-40.0,-40.0,-40.0,-40.0,-40.0,56.48366942848575,51.84234556194126,52.9989512129389,82.97720127901552,55.490296949735935,1,94.16418534657372,UE23,846.5910214569566,205.33960222079563
2024-08-18T10:12:47.591911Z,25.208417599048683,-69.64228857685306,-40.0,894286565.1343377,94.8725063606659,1,2024-08-18 10:12:29.902279,6.0,,,,1,-71.17306102454023,90.42131075184297,38.61055820523573,15.590933133479943,52.328232832705176,-40.0,-40.0,-40.0,-40.0,-40.0,628636309.1241732,91.89328848066988,20.406644812214683,72.7623452609635,32.37355810070604,1,63.195408288277086,UE24,48.69938918533872,475.8966916982659
2024-08-18T10:12:48.318523Z,25.399494474503083,-58.54999602143572,-40.0,11500215059.353512,65.45160704899597,0,2024-08-18 10:12:29.902342,2.0,,,,3,-74.57246942575058,61.03725996024136,8.12193213912364,14.544655344042184,5.615694551248522,-40.0,-40.0,-40.0,-40.0,-40.0,287381377.0770696,45.25972939767251,54.8425610642799,64.3181998784572,58.16891594981524,1,67.08922172954692,UE25,832.1198867788054,200.00454321435092
2024-08-18T10:12:49.048194Z,25.261562034687664,-43.489334256178736,-40.0,368784057657.5084,43.23265840375316,0,2024-08-18 10:12:29.902492,1.0,3.0,,,2,-70.42233747215222,-70.75929440218596,24.39769000866261,92.77698215926978,42.51720004458628,-40.0,-40.0,-40.0,-40.0,-40.0,747260139.8704016,691474428.2094145,5.531835185137579,1.9832991119631729,42.922512272233206,1,68.77564450846103,UE26,493.3025450436865,158.47962602288786
2024-08-18T10:12:49.794601Z,25.46480717894049,-69.92099758475341,-40.0,838698382.810772,14.16795957855016,0,2024-08-18 10:12:29.902553,1.0,,,,6,-72.06342741076934,21.028000397188435,15.296920586005358,53.53784685587173,99.65374805207368,-40.0,-40.0,-40.0,-40.0,-40.0,512109488.9391576,36.8400150436576,78.61861499830864,39.01693787494024,9.228722837640683,1,77.59793862912036,UE27,33.36776102978585,526.8359534699661
2024-08-18T10:12:50.525442Z,25.134037035763576,-71.21694542665361,-40.0,622316077.949379,7.4911010058501395,1,2024-08-18 10:12:29.902603,6.0,,,,1,-72.38904124254364,15.81029917031992,58.05345752869418,3.4826983512073117,17.436784387930945,-40.0,-40.0,-40.0,-40.0,-40.0,475117951.5449037,6.371398622022512,98.2493627445664,10.641050054922308,12.581818624263745,1,38.991840682260765,UE28,11.840106259221225,476.8301333966623
2024-08-18T10:12:51.261518Z,25.35677819347918,-71.3166856254202,-40.0,608186816.09716,17.590341895527928,1,2024-08-18 10:12:29.902657,1.0,,,,2,-70.89037863415561,36.87691301432671,85.88996394306999,16.853968189034905,66.6687600565855,-40.0,-40.0,-40.0,-40.0,-40.0,670915307.3161898,56.02165482665493,99.00345754435244,99.3890598150768,2.17129566985361,1,6.191980179600401,UE29,250.68986010668797,9.696967179979254
2024-08-18T10:12:51.994787Z,25.471437946652227,-58.9571238428932,-40.0,10471121039.588022,75.26204518106132,1,2024-08-18 10:12:29.902707,6.0,,,,5,-66.51631863474522,97.5649391019061,39.93959554961824,67.82753394138534,54.68281712056604,-40.0,-40.0,-40.0,-40.0,-40.0,1836850033.8750737,73.94545462067818,28.00569654072677,33.83834757766319,36.54767565489752,1,17.99131286138825,UE30,380.3956616412482,878.8249280270854
2024-08-18T10:12:52.723891Z,25.57409538925565,-38.38728145921357,-40.0,1193926022746.506,72.3375103919328,0,2024-08-18 10:12:29.902756,1.0,3.0,,,2,-71.17202073738625,-71.08201657234213,57.829083149560766,37.16023838527163,71.26519014509971,-40.0,-40.0,-40.0,-40.0,-40.0,628786907.5392656,641953996.4025297,81.62424826969288,42.650523280904224,57.09897926717139,1,1.9484986210779265,UE31,497.80826742608974,138.56921565549573
2024-08-18T10:12:53.471941Z,25.422192894646983,-68.10582481906643,-40.0,1273864052.0827563,36.60150248185472,1,2024-08-18 10:12:29.902810,,,,,4,57.34078559625758,27.56750968993328,17.824350520946492,86.70201723770744,28.223583125927306,-40.0,-40.0,-40.0,-40.0,-40.0,24.16119806545104,13.966255338227125,81.4053129715737,38.54558290628726,90.07942101223418,1,86.02833450577086,UE32,979.375747183759,624.5643692963155
2024-08-18T10:12:54.204153Z,25.55417741059102,-56.90680900394224,-40.0,16788993605.098244,7.536747324948403,1,2024-08-18 10:12:29.902855,1.0,,,,6,-70.58397955849426,70.44534280125792,33.59931230911523,91.9859815270206,91.10707273300612,-40.0,-40.0,-40.0,-40.0,-40.0,719958740.0004576,12.257387350458242,46.70571480652141,88.5481475015349,90.69978123277808,1,9.3355417240773,UE33,249.2493960323756,584.4882467006985
2024-08-18T10:12:54.941523Z,25.48075992506148,-62.79580724423113,-40.0,4326381767.090539,20.899518499864683,0,2024-08-18 10:12:29.902905,1.0,4.0,5.0,,6,-74.79339258841128,-73.46586195803111,-70.02168422255178,26.693378530458556,15.974970732229242,-40.0,-40.0,-40.0,-40.0,-40.0,44.36495689238032,35.530708160286046,819477703.731983,51.80658538793386,22.93120406301749,1,68.84353503668238,UE34,411.43987763653575,638.9380456953534
2024-08-18T10:12:55.669832Z,25.003853826515037,-51.79073641399296,-40.0,54529551124.36583,67.83489589370645,0,2024-08-18 10:12:29.902986,2.0,,,,3,-68.55371645693944,93.84257412258496,31.25464894521758,28.471306533442927,95.46631476905333,-40.0,-40.0,-40.0,-40.0,-40.0,1149036748.1515243,53.53757431370385,42.13573969469565,74.99446782558134,17.547393300766007,1,72.12813410169034,UE35,674.6122647795612,272.75414407887445
2024-08-18T10:12:56.407229Z,25.484098202952516,-69.82851253327853,-40.0,856750389.915125,77.05954285242406,0,2024-08-18 10:12:29.903056,1.0,,,,6,-71.55410773730404,56.85744216829131,89.34677402735264,53.35372021138694,53.7002657951916,-40.0,-40.0,-40.0,-40.0,-40.0,575830666.9762833,31.344964584445545,37.22069364973993,32.72900374812621,99.4807984756882,1,91.83996711418813,UE36,41.22756761143928,520.0142162948882
2024-08-18T10:12:57.144465Z,25.44048512577853,-60.55493053108984,-40.0,7247905311.522513,57.2913164732704,1,2024-08-18 10:12:29.903133,1.0,,,,6,-69.52249098772656,89.302543705121,28.95422826692099,6.713419620648167,2.106657699019792,-40.0,-40.0,-40.0,-40.0,-40.0,919298317.5784504,22.58273471200005,53.21325669746533,18.857292588589697,14.644304489065728,1,66.70389548912726,UE37,300.2604197729486,560.4071770188867
2024-08-18T10:12:57.891129Z,25.30272571851837,-64.41131447067377,-40.0,2982456492.702236,41.25713824836594,0,2024-08-18 10:12:29.903185,4.0,,,,3,-65.92210480183707,39.09320987254675,92.75259063467836,17.458321988845068,50.93670697598876,-40.0,-40.0,-40.0,-40.0,-40.0,2106178057.4595704,84.91827185302704,30.44664129139552,72.34911459163936,25.0476694467754,1,88.40597919491532,UE38,734.6213234887308,491.7253195832452
2024-08-18T10:12:58.659479Z,25.45940234949369,-61.48332133486808,-40.0,5852931354.881935,13.33960258028628,1,2024-08-18 10:12:29.903235,1.0,,,,2,-66.04005189563001,60.1008720076974,34.97944252691979,76.48567036868279,25.708361164064968,-40.0,-40.0,-40.0,-40.0,-40.0,2049747543.0733848,9.827550997464671,3.648579484301928,3.698125736419557,85.51306825252729,1,22.25929200558032,UE39,357.8052213331628,119.213659059636
2024-08-18T10:12:59.395072Z,25.281166454079724,-60.88287640765698,-40.0,6720752825.75517,26.160322442318687,0,2024-08-18 10:12:29.903284,,,,,4,9.961313481917136,31.171238947545092,54.3377707500709,75.67044939039705,11.194603119926228,-40.0,-40.0,-40.0,-40.0,-40.0,80.87536682443609,19.144839434275013,97.94815680492236,58.4250436556168,48.43652874615251,1,89.61252028354257,UE40,851.7457685623041,808.6793899905305
2024-08-18T10:13:00.124424Z,25.355590531232096,-54.73002723912839,-40.0,27714231488.12465,75.27769714968527,1,2024-08-18 10:12:29.903328,3.0,,,,4,-71.26328318697685,44.77553294275043,80.32226025321556,85.31731985943887,61.02878790781626,-40.0,-40.0,-40.0,-40.0,-40.0,615711471.8538465,70.1642713245114,61.11357773761097,28.31408176448775,49.33821583289492,1,62.79691201315879,UE41,743.959695475113,602.9759341107392
2024-08-18T10:13:00.858597Z,25.01272719603144,-45.35931644538925,-40.0,239758448476.3056,83.40305580601076,1,2024-08-18 10:12:29.903417,1.0,5.0,,,6,-74.0574112367043,-73.43965989152464,31.264394623934155,46.46678091289144,21.436564169362523,-40.0,-40.0,-40.0,-40.0,-40.0,323567162.49578995,373026405.10108143,79.51203245251774,76.27856454774903,38.99756250602613,1,61.91654851086143,UE42,271.18978619383995,657.0522654325181
2024-08-18T10:13:01.605835Z,25.2547952249022,-64.92827665288416,-40.0,2647755621.643816,6.7456227610159365,0,2024-08-18 10:12:29.903480,1.0,4.0,5.0,,6,-74.56145727180402,-72.68196182799298,-70.62447507368853,33.63290661990597,29.10777342866956,-40.0,-40.0,-40.0,-40.0,-40.0,39.07001645865322,40.3459872533092,713276731.5115252,24.962747944525944,60.16433650834315,1,97.50149148096172,UE43,432.8994228019389,621.3331100082831
2024-08-18T10:13:02.344404Z,25.40190155782616,-39.914778524445936,-40.0,839900252140.6732,58.81570578681687,1,2024-08-18 10:12:29.903543,2.0,,,,3,-71.55053957636726,93.51103306664824,58.203318265981416,3.941457870002447,58.9092367929816,-40.0,-40.0,-40.0,-40.0,-40.0,576303963.5207366,86.70885415927307,85.75315457709989,63.50880951187493,43.39022415381382,1,34.24030739713198,UE44,730.3094442188291,282.405173390452
2024-08-18T10:13:03.081550Z,25.111289708594395,-60.21155966280605,-40.0,7844216972.006469,29.725110765213824,0,2024-08-18 10:12:29.903593,5.0,,,,6,-66.16526084996416,4.905307430542836,84.07478736741265,66.69189466130798,41.19138332452517,-40.0,-40.0,-40.0,-40.0,-40.0,1991496186.342867,26.565122310258527,94.87030159554534,21.99293852786521,52.69408848585218,1,45.3256404684709,UE45,309.6821774484329,832.0874050521821
2024-08-18T10:13:03.816174Z,25.31794108689683,-65.27387101100254,-40.0,2445222948.3636136,47.88540334860394,0,2024-08-18 10:12:29.903642,1.0,2.0,,,3,-71.87145519398729,-69.17500789394784,52.875889819026334,26.57925005732253,54.18240996524251,-40.0,-40.0,-40.0,-40.0,-40.0,535254151.8194496,995874872.76322,81.91150169105175,90.10189311656556,59.51512999802876,1,85.08286376546587,UE46,554.4130806602017,357.07379078657675
2024-08-18T10:13:04.572304Z,25.46539819632668,-70.9496121297968,-40.0,113.00643163605623,4.929256145394791,0,2024-08-18 10:12:29.903696,3.0,4.0,6.0,,1,-72.20175938833049,-73.68271251261402,-72.11814542751986,43.11495290301454,72.5569822126177,-40.0,-40.0,-40.0,-40.0,-40.0,9.854796742119184,13.94892652277647,19.375308670244905,24.48126916673885,69.90149584642853,1,75.50945949253946,UE47,481.00999253812734,477.6862830835484
2024-08-18T10:13:05.302488Z,25.147121803956484,-52.694512753048826,-40.0,44284759327.29028,96.86345827156109,0,2024-08-18 10:12:29.903759,4.0,6.0,,,5,-68.87493785030534,-74.48428750072507,23.787605834436278,92.1843588148676,59.79408976440566,-40.0,-40.0,-40.0,-40.0,-40.0,1067116362.235158,293276195.6361273,73.0897383220706,36.42460135525868,35.908318921815386,1,83.91542225088477,UE48,575.7975435933625,884.9692167482917
2024-08-18T10:13:06.036176Z,25.11274560078824,-69.90252479637518,-40.0,842273398.2043608,16.745514197810905,1,2024-08-18 10:12:29.903813,,,,,1,42.13608761240554,19.877755845102275,7.667821631690565,43.64626961361032,91.17475954617406,-40.0,-40.0,-40.0,-40.0,-40.0,10.277147323604872,26.843758050494287,33.09605027945373,37.67052332647547,10.85430150897428,1,20.12740171415419,UE49,0.6355077367268214,191.4589493485228
2024-08-18T10:13:09.385658Z,25.352759325528574,-56.426602839108455,-40.0,18751900078.964478,24.626870103524013,1,2024-08-18 10:13:09.374596,2.0,,,,1,-67.66409383448105,53.17556094815006,29.368385791665364,49.56136792197609,19.09881469501964,-40.0,-40.0,-40.0,-40.0,-40.0,1410250234.5654433,52.436212545743096,48.2748745790762,97.51367260274884,92.8313224612671,2,10.69109552874792,UE0,298.52681307101534,201.7611414508051
2024-08-18T10:13:10.115270Z,25.390171074079955,-65.89970942154586,-40.0,2117067094.2291076,77.67699234053228,0,2024-08-18 10:13:09.374680,2.0,,,,1,-74.47536441963177,58.53549624351199,63.48983208169486,27.21684252190873,57.699978186265874,-40.0,-40.0,-40.0,-40.0,-40.0,293879384.85845846,45.07485255651565,88.41737341098188,45.51802453293354,18.289190344061204,2,1.742002775543603,UE1,161.97770744165095,110.95780709177842
2024-08-18T10:13:10.840913Z,25.334749298853765,-64.49111467860305,-40.0,2928155230.097506,62.65573380399288,0,2024-08-18 10:13:09.374729,1.0,,,,6,-66.36779033623093,74.50038467958038,14.900701429764098,9.53902247020119,54.02592152393522,-40.0,-40.0,-40.0,-40.0,-40.0,1900756701.9559207,37.89455471025792,66.18830845198002,74.94401981533422,7.094297883178742,2,98.50997794071138,UE2,208.6053221538429,511.1127719852401
2024-08-18T10:13:11.608117Z,25.14619245518415,-66.32180792364119,-40.0,1920988529.866328,9.044831366524422,1,2024-08-18 10:13:09.374773,,,,,3,14.174767278359283,92.88744675982652,67.05988364170152,92.11868114336494,99.50113477312202,-40.0,-40.0,-40.0,-40.0,-40.0,25.38902820670687,4.357798698403851,29.81335868750293,4.5077454186008055,21.982033494877488,2,33.12563754506552,UE3,954.514850201321,223.16206384503533
2024-08-18T10:13:12.348732Z,25.37631334205381,-68.8513545684097,-40.0,1072926834.1677746,54.47878910955508,1,2024-08-18 10:13:09.374824,,,,,1,91.00536941033904,46.81282289295469,45.30178675794916,70.52078521289842,57.90241283950587,-40.0,-40.0,-40.0,-40.0,-40.0,69.66095026587692,10.84735001701203,52.140511638468816,7.938713644742507,65.17939976342298,2,44.34590570743137,UE4,26.13653607980471,180.65209349235383
2024-08-18T10:13:13.085285Z,25.52244991446632,-68.00632641892616,-40.0,1303385610.964105,55.85546585156136,0,2024-08-18 10:13:09.374883,3.0,,,,2,-67.78333382852041,75.08992514924698,46.0396698670348,96.19038701720476,3.238144827739957,-40.0,-40.0,-40.0,-40.0,-40.0,1372057086.5223548,44.062038466054986,10.90536598979487,52.13733623473855,89.60963396908949,2,31.78463097271264,UE5,711.4834212119442,62.35833522354697
2024-08-18T10:13:13.810323Z,25.02545232471246,-66.74379614658838,-40.0,1743114635.920563,90.9796352683598,1,2024-08-18 10:13:09.374951,4.0,6.0,,,5,-69.65939349494852,-67.43999232448839,8.32528882785486,62.20905664551333,98.4011315093464,-40.0,-40.0,-40.0,-40.0,-40.0,890771297.2304262,1484931197.586249,84.24807567646056,97.0593156716476,21.71228694781413,2,93.37192043990298,UE6,483.7527146869389,672.8737835622493
2024-08-18T10:13:14.537595Z,25.15231821487663,-41.86585024960726,-40.0,535945389362.7591,84.93068469115744,0,2024-08-18 10:13:09.375006,1.0,5.0,,,6,-74.41518619787131,-73.85429162681561,88.52286900002251,60.14233244525465,24.58503971003028,-40.0,-40.0,-40.0,-40.0,-40.0,297979882.3137232,339059877.9885428,96.39359283223664,43.03041023893254,6.148548529758011,2,22.994204598952788,UE7,251.2717029376724,666.1969588059478
2024-08-18T10:13:15.286802Z,25.29426816785428,-64.1118433174181,-40.0,3195370580.319402,26.97587385134589,1,2024-08-18 10:13:09.375054,,,,,4,98.17742424017612,25.491880482722,86.48257502793179,24.52713230118952,12.75123862332116,-40.0,-40.0,-40.0,-40.0,-40.0,17.850806328530727,19.88231517713493,28.41521420721557,24.00312002026138,39.324823099031725,2,51.146678124657726,UE8,918.7414936601346,775.9754197672638
2024-08-18T10:13:16.015469Z,25.09383965363821,-68.7696497064028,-40.0,1093303135.0342696,69.30314539644455,1,2024-08-18 10:13:09.375093,1.0,,,,6,-68.91554090540319,41.557118289715845,29.997608057997464,67.12328204158536,5.739846335060066,-40.0,-40.0,-40.0,-40.0,-40.0,1057186171.0700374,73.52036755974856,58.93294812840697,66.78161697203453,71.74013939509658,2,91.17500925100452,UE9,409.6145531510932,498.5733942943226
2024-08-18T10:13:16.749399Z,25.474952213896017,-52.212798800882666,-40.0,49479543481.0356,21.97043905060288,0,2024-08-18 10:13:09.375136,,,,,6,95.6569694281574,12.04500181703795,93.93077292781676,41.24902753252627,73.85445592387796,-40.0,-40.0,-40.0,-40.0,-40.0,20.37606739558169,72.21263569976642,33.37782579308922,56.244411502961945,70.07318542328926,2,14.411179735696477,UE10,167.31721341305612,698.8006280417617
2024-08-18T10:13:17.485649Z,25.201315090784437,-54.521440309319246,-40.0,29077799199.65658,29.81329777946777,0,2024-08-18 10:13:09.375175,1.0,3.0,,,2,-72.94769123184716,-74.82210046167164,7.018145022849288,59.29616872007473,10.958353257516428,-40.0,-40.0,-40.0,-40.0,-40.0,417769221.5448893,271328564.985606,15.485717300704104,15.010107148116385,90.65678929233702,2,58.952739033983775,UE11,463.81103196709273,45.38413504199396
2024-08-18T10:13:18.216047Z,25.03795985135693,-55.20116076198588,-40.0,24865058645.942005,41.45372479261827,1,2024-08-18 10:13:09.375221,4.0,6.0,,,5,-70.65879878323433,-67.92752173176531,59.90689457989773,94.15328881950686,66.93329227456789,-40.0,-40.0,-40.0,-40.0,-40.0,707661690.8126285,1327252007.5318058,19.30901021234508,71.45476234293614,59.06268164135364,2,88.08367532231892,UE12,477.3380380059336,785.984861634875
2024-08-18T10:13:18.951610Z,25.169092618458954,-48.65469389104752,-40.0,112262878844.03346,24.65636715834935,0,2024-08-18 10:13:09.375267,5.0,,,,6,-69.61862139319712,64.85134466523328,57.28544591631962,2.9931103556543626,1.6830197988888944,-40.0,-40.0,-40.0,-40.0,-40.0,899173346.0883918,92.06994502695125,23.525602890980945,17.94277525122534,76.97009283902052,2,94.16569392591816,UE13,288.9255434826992,749.6622510653623
2024-08-18T10:13:19.699174Z,25.295901484606578,-60.029530362663095,-40.0,8179985386.645478,65.18753613571533,1,2024-08-18 10:13:09.375309,4.0,6.0,,,5,-63.84407571805377,-73.2691319069133,22.33905745535913,88.82676136908923,75.67742671834334,-40.0,-40.0,-40.0,-40.0,-40.0,3398583873.118144,387964844.2148224,91.03075231404571,52.64375668865296,83.3623341370212,2,17.20705260404575,UE14,586.5782713106333,779.5754823452999
2024-08-18T10:13:20.436241Z,25.072951953647067,-58.75650631675845,-40.0,10966168946.456564,77.32607537534422,1,2024-08-18 10:13:09.375399,1.0,3.0,,,2,-74.20784871764123,-64.00474292347067,63.65331010469014,66.4109459422216,69.20634499710495,-40.0,-40.0,-40.0,-40.0,-40.0,312550855.74871546,3275150576.9979835,25.337357181755127,71.86067504462785,89.28435850466207,2,28.995504119452587,UE15,595.4566375495832,194.3930052633013
2024-08-18T10:13:21.198891Z,25.32447701378412,-61.48476305666006,-40.0,5850988687.276832,11.257376547930214,0,2024-08-18 10:13:09.375448,4.0,6.0,,,5,-66.98058650586576,-70.12130674156232,12.976717368798232,36.175107331330274,43.18446417401118,-40.0,-40.0,-40.0,-40.0,-40.0,1650619279.7356784,800893723.0538402,80.66536012066356,13.19219742051403,29.865547531119795,2,82.74168668979033,UE16,528.7657425260759,735.6108141375029
2024-08-18T10:13:21.937954Z,25.108986572522035,-64.03854848444631,-40.0,3249755710.9769344,6.274813356848681,1,2024-08-18 10:13:09.375496,6.0,,,,1,-69.66239679757382,19.585267463105243,29.05617655451285,19.078966128311173,47.23742485560276,-40.0,-40.0,-40.0,-40.0,-40.0,890155509.767696,61.74269776894825,58.61446575351224,8.692215132590695,41.31701449605157,2,59.30742362311776,UE17,142.44429828995456,449.4761487859168
2024-08-18T10:13:22.679536Z,25.31670527084531,-68.99329452216632,-40.0,47.74719745302533,92.06494950223234,0,2024-08-18 10:13:09.375539,1.0,3.0,4.0,5.0,6,-73.13713947458548,-74.75481366178415,-72.1974052439783,-73.62984877965577,50.177460839477256,-40.0,-40.0,-40.0,-40.0,-40.0,32.33914102436858,1.7773211138322096,21.663717668024844,357043134.1489195,8.358066897807303,2,78.98630405165268,UE18,467.8967425380537,556.62934848429
2024-08-18T10:13:23.412187Z,25.208198877514228,-67.90982370287728,-40.0,1332671756.6228898,43.402445238664384,0,2024-08-18 10:13:09.375602,1.0,4.0,5.0,,6,-74.61900380450055,-71.25213595942364,-71.50133083818,49.77793730671637,88.83292004451918,-40.0,-40.0,-40.0,-40.0,-40.0,18.493330265574507,37.88317243939903,582871043.1783438,79.53153981756252,12.688591697803028,2,16.786932899855557,UE19,470.53885431554,598.5104957778353
2024-08-18T10:13:24.138744Z,25.31918546696781,-69.86418182776166,-40.0,849742580.6208501,8.167422204682754,0,2024-08-18 10:13:09.375657,,,,,3,59.147245253872285,77.55742645204519,11.109435231412911,39.53984902498453,88.63580142310511,-40.0,-40.0,-40.0,-40.0,-40.0,97.32248132656568,75.44022333319992,78.64247532061496,68.88996246667932,42.457283490661865,2,34.27489775569417,UE20,981.4969559143482,149.17212444866544
2024-08-18T10:13:24.869363Z,25.55855875899597,-44.47134006533588,-40.0,294151831997.77893,16.299682511177064,0,2024-08-18 10:13:09.375719,2.0,,,,1,-70.91876055450868,5.527628308557349,16.12819168984943,31.09582655506733,4.364492774165648,-40.0,-40.0,-40.0,-40.0,-40.0,666545051.6640948,19.73748799405057,13.134012805740428,50.40690817645716,85.14636723221513,2,99.16509244075864,UE21,270.19901124798133,262.01965575470064
2024-08-18T10:13:25.630256Z,25.445994744571124,-55.80600543884756,-40.0,21632415711.016293,62.48318084329751,1,2024-08-18 10:13:09.375771,4.0,,,,5,-72.66227996371235,52.23061474420098,30.64119460366537,37.66011968079559,64.76572735946236,-40.0,-40.0,-40.0,-40.0,-40.0,446146579.5082727,72.9161711494527,60.250122743019126,6.844340631416059,38.9764904480789,2,10.308365057599076,UE22,549.3133124703506,957.2734754911193
2024-08-18T10:13:26.358202Z,25.38533466176323,-59.72700521608888,-40.0,8770110038.152836,55.264322148693175,0,2024-08-18 10:13:09.375832,,,,,3,98.68940326475996,87.79551790471918,66.00225412675805,29.12776198664647,75.30401161698583,-40.0,-40.0,-40.0,-40.0,-40.0,30.74458651103469,11.182464561006164,55.03411660225135,41.94399455413805,60.846600344095,2,75.4551569570084,UE23,850.1877204586499,201.86631036850068
2024-08-18T10:13:27.089387Z,25.208417599048683,-69.74034480675849,-40.0,874321349.7522926,15.100863942289193,0,2024-08-18 10:13:09.375881,6.0,,,,1,-71.40924677356301,49.85501410191633,82.5642270451931,71.3772396070351,55.495232846978304,-40.0,-40.0,-40.0,-40.0,-40.0,595361691.7175117,96.10556031650576,39.87251864226699,66.14979137947624,29.73277012924901,2,81.90121161875429,UE24,44.32629064964173,473.4726435970342
2024-08-18T10:13:27.847802Z,25.399494474503083,-58.83362086793245,-40.0,10773169113.091442,82.51977981516436,1,2024-08-18 10:13:09.375931,2.0,,,,3,-74.44928820939595,51.16322582444017,50.30199889688884,74.28373033123272,19.4368647371011,-40.0,-40.0,-40.0,-40.0,-40.0,295649223.80375665,69.69863514483787,60.6697595158514,88.6474470745932,49.19134447624395,2,76.8920006842809,UE25,830.3280470310789,195.3366410818649
2024-08-18T10:13:28.587240Z,25.261562034687664,-49.4898555893603,-40.0,92623247766.87096,16.146961340270977,1,2024-08-18 10:13:09.375992,1.0,3.0,,,2,-70.55820384785429,-69.36448054612865,4.729301818809367,94.98305859272924,17.035146821283092,-40.0,-40.0,-40.0,-40.0,-40.0,724244455.7946137,953361280.086872,4.348231479372712,36.86070840314783,61.46558414681217,2,1.5023109877793817,UE26,509.2001229706826,183.92106890758055
2024-08-18T10:13:29.352961Z,25.46480717894049,-69.6586205809777,-40.0,890929841.9225671,43.94967288323934,1,2024-08-18 10:13:09.376053,1.0,,,,6,-72.11675217553687,44.21245209415823,60.84101838181489,63.07763520585633,89.03402988271161,-40.0,-40.0,-40.0,-40.0,-40.0,505860007.9699949,95.34294029464952,49.69607272205084,57.743061395771605,6.030594071367342,2,2.49178763105619,UE27,36.16372554713958,530.9811413327412
2024-08-18T10:13:30.088538Z,25.134037035763576,-71.03188765057376,-40.0,649406750.9111319,99.15136062119508,1,2024-08-18 10:13:09.376099,6.0,,,,1,-72.20074177315686,91.12675707045118,74.99085003965567,26.939382875530544,86.81536619580118,-40.0,-40.0,-40.0,-40.0,-40.0,496171010.915417,38.456636596763445,45.418056238712566,2.7882948352792787,92.36058306841518,2,8.629291504104252,UE28,16.802837017427834,477.439480113688
2024-08-18T10:13:30.839109Z,25.35677819347918,-71.56507382079916,-40.0,574378509.0873961,70.49300659330382,0,2024-08-18 10:13:09.376141,1.0,,,,2,-70.89200512464538,16.304673212948323,1.8469167342007624,55.56007116934481,19.35117081028215,-40.0,-40.0,-40.0,-40.0,-40.0,670664087.6723019,99.90890569342866,94.10904287312768,81.50702317356935,78.79742643090553,2,28.56446874077877,UE29,245.68986010668797,9.696967179979254
2024-08-18T10:13:31.577548Z,25.471437946652227,-58.36085623681532,-40.0,12012127697.15784,92.46552467337126,0,2024-08-18 10:13:09.376184,6.0,,,,5,-66.76883779296509,29.56689503177547,86.34566956203658,67.32113931806187,63.96586181297417,-40.0,-40.0,-40.0,-40.0,-40.0,1733092667.3638198,73.81258348890766,80.80389528605194,54.9897263604329,50.0403117458634,2,71.71442079111954,UE30,385.2863996449172,879.8644864811743
2024-08-18T10:13:32.307078Z,25.57409538925565,-37.802452126521885,-40.0,1366030359337.3674,60.35434039309721,1,2024-08-18 10:13:09.376227,1.0,3.0,,,2,-71.42517287445858,-70.99972599762664,49.82175609556819,75.14118426181261,57.53235677383153,-40.0,-40.0,-40.0,-40.0,-40.0,593182427.0560193,654233780.0885433,3.319159078470886,65.71225772274819,39.31126465026366,2,92.23330709598736,UE31,501.7483211941234,135.49090827886744
2024-08-18T10:13:33.036196Z,25.422192894646983,-67.80175059117616,-40.0,1366251038.1682684,8.312527696898773,1,2024-08-18 10:13:09.376273,,,,,4,94.87535898006492,94.74274371074485,35.546034462207096,15.278857369835032,22.46130161031001,-40.0,-40.0,-40.0,-40.0,-40.0,15.486695840965725,1.7079701683301565,85.34475760513487,69.28811748053168,49.19599573803965,2,86.45294617995557,UE32,974.382599509986,624.8260490775302
2024-08-18T10:13:33.772862Z,25.55417741059102,-56.68759096452513,-40.0,17658201472.646797,1.7648992828493362,1,2024-08-18 10:13:09.376312,1.0,,,,6,-70.68596918129991,7.737488777635246,40.01647613455805,32.441541177091416,48.39182833923815,-40.0,-40.0,-40.0,-40.0,-40.0,703248227.0611304,28.096695495959093,66.69232851577847,11.60117204459468,3.992763809765071,2,98.13117275566732,UE33,244.6134767595416,586.361279667778
2024-08-18T10:13:34.524499Z,25.48075992506148,-63.04682455030475,-40.0,4083411138.122901,12.454623900864696,1,2024-08-18 10:13:09.376354,1.0,4.0,5.0,,6,-74.96720568754817,-73.26276020819581,-69.77682190226615,79.66219355311495,25.361024028559484,-40.0,-40.0,-40.0,-40.0,-40.0,27.1179805920614,25.834740408932564,867008537.1528674,14.533731072879991,26.96712971707599,2,61.66750326342561,UE34,415.585065499311,641.7340102127071
2024-08-18T10:13:35.251970Z,25.003853826515037,-51.50771513751712,-40.0,58201482935.633446,58.46686450142256,1,2024-08-18 10:13:09.376408,2.0,,,,3,-68.56168977810393,55.856393672717466,70.63601513608756,84.0660368842091,36.52443686687146,-40.0,-40.0,-40.0,-40.0,-40.0,1146929138.1064236,67.9070784465249,42.96966646728124,74.39280015964194,11.9974276082824,2,16.774474383024362,UE35,677.8925599245138,268.98059617776056
2024-08-18T10:13:35.986476Z,25.484098202952516,-69.55220829860504,-40.0,913029341.0578376,6.925097449674138,0,2024-08-18 10:13:09.376451,1.0,,,,6,-71.52784033261449,23.3839628115614,43.58581438602562,98.59830756521652,87.36455894994869,-40.0,-40.0,-40.0,-40.0,-40.0,579324013.5691608,71.65619625764103,48.32407952666394,85.87067090811638,12.941654722690323,2,41.419408184054845,UE36,45.220745161675744,523.0232914106484
2024-08-18T10:13:36.721893Z,25.44048512577853,-60.74533303850555,-40.0,6937009036.448905,88.99312770354264,1,2024-08-18 10:13:09.376493,1.0,,,,6,-69.56924571214282,33.43499206781915,96.00570750047828,93.60212516455869,12.643980425686111,-40.0,-40.0,-40.0,-40.0,-40.0,909454534.9144684,44.709903229090926,35.044208557207895,92.4821043491768,53.39734627199191,2,59.101755854191744,UE37,305.2573739080441,560.2326795353742
2024-08-18T10:13:37.464475Z,25.30272571851837,-64.04577593290811,-40.0,3244352025.218518,6.426122090409541,0,2024-08-18 10:13:09.376535,4.0,,,,3,-66.23058744569238,77.07442544087853,91.80947101091768,45.007760178970926,49.47276372572517,-40.0,-40.0,-40.0,-40.0,-40.0,1961764266.0844748,75.87895039373409,62.59551595273517,15.953580550149264,19.8771816241015,2,35.15712563969514,UE38,736.8131792226762,487.2313493517493
2024-08-18T10:13:38.209971Z,25.45940234949369,-61.01588021951197,-40.0,6518047816.473227,5.774717773917677,0,2024-08-18 10:13:09.376576,1.0,,,,2,-66.33015658969975,67.80201021507703,28.838111289230348,88.73389945898667,22.57628317329973,-40.0,-40.0,-40.0,-40.0,-40.0,1917299262.044793,65.96310512072411,4.489679468849171,70.66756285656706,55.22373624704295,2,3.2018820901303404,UE39,362.37294862137577,117.179975844257
2024-08-18T10:13:38.944724Z,25.281166454079724,-60.93319515657876,-40.0,6643333401.290866,82.19313880973246,1,2024-08-18 10:13:09.376619,,,,,4,95.0009928131368,42.2926050981249,87.36665609481585,22.89084538935658,96.0065560116614,-40.0,-40.0,-40.0,-40.0,-40.0,98.899611904089,66.95847013314051,82.97809639695294,73.78165220336582,38.18906379159944,2,1.2770548067328202,UE40,848.4001155305098,812.3951141179174
2024-08-18T10:13:39.687685Z,25.355590531232096,-54.234999364359226,-40.0,31060298679.909286,1.4121810242951145,0,2024-08-18 10:13:09.376657,3.0,,,,4,-71.4206403622878,24.55480156839196,83.81494945385262,30.84788319926669,18.490187328193528,-40.0,-40.0,-40.0,-40.0,-40.0,593801824.7577782,64.69064811393615,30.281870977144944,60.88692054306049,90.76632353261274,2,47.77514217762046,UE41,747.7899176907079,606.189872159172
2024-08-18T10:13:40.421114Z,25.01272719603144,-46.48506898692679,-40.0,185011474925.63492,6.953859747974127,1,2024-08-18 10:13:09.376699,1.0,5.0,,,6,-73.89296281639797,-73.4732610661471,2.141551427585999,41.829573325000375,1.382288034373761,-40.0,-40.0,-40.0,-40.0,-40.0,336054165.0750751,370151452.1107625,86.59850373970973,52.109839024485154,27.37862376354541,2,47.63249358744488,UE42,274.1287124553023,653.0071804606433
2024-08-18T10:13:41.191275Z,25.2547952249022,-64.75012775025155,-40.0,2758625770.992857,30.488155084559367,0,2024-08-18 10:13:09.376745,1.0,4.0,5.0,,6,-74.37031743829192,-72.89289956913657,-70.85320962255373,29.644389724044224,67.33391920298973,-40.0,-40.0,-40.0,-40.0,-40.0,28.573280871260582,24.5189204578708,676681965.079643,39.44428236347581,44.382853708908286,2,88.89278939292394,UE43,428.9593690339052,618.2548026316548
2024-08-18T10:13:41.921146Z,25.40190155782616,-39.61033730325829,-40.0,900890140097.4257,47.43752805723253,1,2024-08-18 10:13:09.376799,2.0,,,,3,-71.60615643495429,67.75246283120283,85.6393217442158,28.6684407138677,60.92110047951079,-40.0,-40.0,-40.0,-40.0,-40.0,568970723.923813,39.439729221135806,90.04059869510415,98.8945576699531,98.78418619335856,2,71.74968243551845,UE44,728.3557885763827,287.0076976577142
2024-08-18T10:13:42.653632Z,25.111289708594395,-60.70945837170196,-40.0,6994549160.406471,54.25986009880749,0,2024-08-18 10:13:09.376842,5.0,,,,6,-65.91078327833351,67.57094710821362,55.41287224667944,28.37112303461269,28.83120903902802,-40.0,-40.0,-40.0,-40.0,-40.0,2111675767.6726336,33.02766959339831,83.2334660737229,92.89026181585308,44.30713170515064,2,50.40855201375736,UE45,312.1062255496646,836.4605035878791
2024-08-18T10:13:43.392665Z,25.31794108689683,-65.38957821716603,-40.0,2380936113.5873857,43.56945486015727,0,2024-08-18 10:13:09.376885,1.0,2.0,,,3,-71.6995551281129,-68.87700140794169,43.53201739719769,52.95681816843257,10.782809261207989,-40.0,-40.0,-40.0,-40.0,-40.0,556865165.0711744,1066609440.5178924,60.65507464940234,71.5306402134147,85.10357411871132,2,45.11951518869734,UE46,551.617116142848,352.9286029238015
2024-08-18T10:13:44.134722Z,25.46539819632668,-71.20234290835748,-40.0,67.62660242952998,53.19172963793533,0,2024-08-18 10:13:09.376930,3.0,4.0,6.0,,1,-72.17259425664298,-73.46649968431497,-72.10800741151891,74.54550132986104,18.27376340953385,-40.0,-40.0,-40.0,-40.0,-40.0,6.598711280146536,10.3596216188711,12.860405574920923,37.01727451470457,29.983681301094883,2,71.18814896340932,UE47,484.2902876830799,481.4598309846623
2024-08-18T10:13:44.887265Z,25.147121803956484,-52.03004704672156,-40.0,51606078587.542725,72.0164283038296,0,2024-08-18 10:13:09.376984,4.0,6.0,,,5,-68.85339401050061,-74.29065242402454,79.29174667939014,69.92654433958799,47.42994733125338,-40.0,-40.0,-40.0,-40.0,-40.0,1072423107.1954036,306648130.7481328,54.08190462164948,44.46650750781125,60.84300055657548,2,91.24031371556278,UE48,572.4518905615682,881.2534926209048
2024-08-18T10:13:45.624060Z,25.11274560078824,-69.64779157898246,-40.0,893154120.5612012,77.68816787719473,0,2024-08-18 10:13:09.377031,,,,,1,99.5557971145715,86.73419425459402,82.88115984267979,33.3977519162636,58.94888358454661,-40.0,-40.0,-40.0,-40.0,-40.0,93.47323284537008,63.16678418889983,12.885889077820028,15.983108368663231,26.781562390802574,2,17.247838196366303,UE49,3.981160768521113,195.1746734759098
2024-08-18T10:13:48.981597Z,25.352759325528574,-55.79304448295328,-40.0,21697071281.881477,99.4477043890984,1,2024-08-18 10:13:48.967867,2.0,,,,1,-67.8395863024463,61.06152075380899,25.864197863444808,14.35811442939039,29.370231676029302,-40.0,-40.0,-40.0,-40.0,-40.0,1354399964.8711593,36.60905631192449,1.0206957364365583,83.7056632607821,70.25787158738707,3,26.33359211996663,UE0,297.7446407458142,206.6995831537808
2024-08-18T10:13:49.711132Z,25.390171074079955,-66.25120500754058,-40.0,1952473118.813876,88.08803384381773,1,2024-08-18 10:13:48.967958,2.0,,,,1,-74.60897068157776,34.64795543753961,47.491429844381386,22.2965673040287,98.3329723458298,-40.0,-40.0,-40.0,-40.0,-40.0,284976137.5500218,85.61791242201912,67.8761769998865,52.17770376144806,90.3416406044124,3,60.10063750138997,UE1,159.18174292429725,106.81261922900322
2024-08-18T10:13:50.441907Z,25.334749298853765,-64.33321521293263,-40.0,3036575214.023578,52.74706599266703,1,2024-08-18 10:13:48.968099,1.0,,,,6,-66.62728554720991,33.094222344725644,16.612908227024004,58.91212934931571,68.411852458248,-40.0,-40.0,-40.0,-40.0,-40.0,1790511065.6230028,23.92264626216879,28.18146232577207,4.40548534447756,27.00224789746467,3,13.007095607690095,UE2,204.61214460360645,514.1218471010003
2024-08-18T10:13:51.175037Z,25.14619245518415,-66.53269101477568,-40.0,1829938366.2647624,23.165695780338204,0,2024-08-18 10:13:48.968160,,,,,3,4.375930535932504,58.56310494638752,41.56810746101283,92.9788961693861,89.77114258441901,-40.0,-40.0,-40.0,-40.0,-40.0,23.608857006721443,88.28504950299886,46.78958357581458,42.13605348826897,72.00904006493947,3,46.938838367979805,UE3,955.9767087249348,218.38054006522012
2024-08-18T10:13:51.910999Z,25.37631334205381,-68.85980589535524,-40.0,1070840959.54152,76.03141501814214,0,2024-08-18 10:13:48.968206,,,,,1,33.003033528642646,21.99865830279421,25.161228969999108,72.08445481890088,58.74250348147753,-40.0,-40.0,-40.0,-40.0,-40.0,87.01220229476898,63.8952063748818,18.08971359531674,2.6257899301707197,11.704360740748845,3,78.50861415316994,UE4,28.406488578502444,176.19706087141202
2024-08-18T10:13:52.671970Z,25.52244991446632,-67.90704292543893,-40.0,1333525336.4838276,19.798908638706283,0,2024-08-18 10:13:48.968251,3.0,,,,2,-67.47211576303606,90.55973984089012,34.62569860113181,63.62416046097409,55.211808938061054,-40.0,-40.0,-40.0,-40.0,-40.0,1473988135.4515803,51.556973753677305,34.63109004068936,5.115255666905967,73.52079018979859,3,48.03231700285013,UE5,711.3961591797578,67.35757369932892
2024-08-18T10:13:53.400324Z,25.02545232471246,-66.94908185173784,-40.0,1662636762.3707073,59.818609561954304,1,2024-08-18 10:13:48.968355,4.0,6.0,,,5,-69.45550698979999,-67.71185233197718,91.9591825925302,98.15694332948216,45.10233561293823,-40.0,-40.0,-40.0,-40.0,-40.0,933587149.3585705,1394826952.9679372,99.91793450959284,24.01927362333902,17.9259142549957,3,41.013185785840825,UE6,487.69276845497257,669.7954761856209
2024-08-18T10:13:54.134827Z,25.15231821487663,-40.62079014074695,-40.0,713882194491.4769,97.3451386194666,0,2024-08-18 10:13:48.968478,1.0,5.0,,,6,-74.61466497856173,-73.66225945896997,11.998306601960897,75.94006282658137,83.51822367601103,-40.0,-40.0,-40.0,-40.0,-40.0,284602732.99215055,354388498.1319448,18.500026673844143,99.17225732794698,60.774989658501326,3,29.394722422576656,UE7,252.56579816318495,671.0265879373932
2024-08-18T10:13:54.880428Z,25.29426816785428,-63.75362680356349,-40.0,3470107138.638525,68.05835681198825,0,2024-08-18 10:13:48.968543,,,,,4,62.950814940524914,9.295522266807684,9.586933864393735,92.8310016150704,91.34661712906714,-40.0,-40.0,-40.0,-40.0,-40.0,16.582329159280192,65.10431887626743,4.526779201314239,78.19550737170881,53.4820061390574,3,77.3727279089869,UE8,913.7536734088354,776.3242021359845
2024-08-18T10:13:55.626550Z,25.09383965363821,-69.042658694276,-40.0,1026690857.3338856,8.558706890839664,1,2024-08-18 10:13:48.968591,1.0,,,,6,-68.95851480151683,68.85860373674689,53.79938264487791,44.04701714099209,2.7921944502055136,-40.0,-40.0,-40.0,-40.0,-40.0,1046776788.5324744,12.08791253715867,35.41220480552106,26.27945395402283,3.5893327578701437,3,86.60903608435034,UE9,413.9003896546037,495.9982039197723
2024-08-18T10:13:56.357785Z,25.474952213896017,-52.1633329163812,-40.0,50046334282.749146,43.27586041557333,0,2024-08-18 10:13:48.968641,,,,,6,39.98622638511475,26.112866867975374,57.15352861941287,11.497727875198834,26.254725634761947,-40.0,-40.0,-40.0,-40.0,-40.0,71.66853121786298,89.57748092734118,27.46568907993278,55.02405236193166,16.3415025953181,3,91.42484369695237,UE10,167.8398557293944,693.8280185649203
2024-08-18T10:13:57.094172Z,25.201315090784437,-53.89324823083372,-40.0,33603208062.26448,14.181514212001195,0,2024-08-18 10:13:48.968687,1.0,3.0,,,2,-72.74330599184471,-74.7275946095152,35.261898786886185,17.95435893897612,40.21951854889424,-40.0,-40.0,-40.0,-40.0,-40.0,437900019.8682807,277297595.10753465,31.48247762734461,98.2212828427114,46.56921719306448,3,74.12479240325875,UE11,462.6862766953734,50.25598536592013
2024-08-18T10:13:57.826709Z,25.03795985135693,-54.570810856376696,-40.0,28749114890.16746,66.35629137524167,1,2024-08-18 10:13:48.968742,4.0,6.0,,,5,-70.82061162514867,-67.93459737887041,21.219209403590057,91.66695067749146,77.86937883243773,-40.0,-40.0,-40.0,-40.0,-40.0,681780226.8520393,1325091372.0199568,35.678048431513965,57.91895843636199,54.97935497428557,3,51.300763825657576,UE12,475.6279372893053,790.6833247388045
2024-08-18T10:13:58.564204Z,25.169092618458954,-48.89701759000701,-40.0,106170485930.82835,51.16128352442353,0,2024-08-18 10:13:48.968796,5.0,,,,6,-69.67121898244193,67.38908808707659,15.8354906598736,92.2943675948221,17.488915573609795,-40.0,-40.0,-40.0,-40.0,-40.0,888349098.2544218,69.18623720427263,76.66119472835013,44.70149231661912,61.92998689904247,3,37.080286756877605,UE13,285.7116054342665,753.4924732809571
2024-08-18T10:13:59.299612Z,25.295901484606578,-58.989447339560286,-40.0,10393476301.114058,15.098463556823006,1,2024-08-18 10:13:48.968847,4.0,6.0,,,5,-64.12633439081193,-74.08025570655472,59.56512466559772,14.110718295701991,83.44733858678053,-40.0,-40.0,-40.0,-40.0,-40.0,3184726377.8997,321869624.5533239,31.538478231976622,55.21598981852906,86.84639052180115,3,85.83623172130093,UE14,598.7803706029075,806.9818460745776
2024-08-18T10:14:00.030224Z,25.072951953647067,-59.2752983553568,-40.0,9731409060.6002,58.07819991398523,1,2024-08-18 10:13:48.968901,1.0,3.0,,,2,-74.40189232660627,-63.65431529600795,87.31974247242935,19.1612708943793,79.37892622775168,-40.0,-40.0,-40.0,-40.0,-40.0,298893404.2173711,3550373427.6997023,28.78360585086772,57.27849720135001,75.6022700336962,3,21.134635705212197,UE15,600.4376110400419,194.8287839770396
2024-08-18T10:14:00.769120Z,25.32447701378412,-60.98624493671127,-40.0,6562677613.685559,87.93569460318733,1,2024-08-18 10:13:48.968954,4.0,6.0,,,5,-67.00271385402576,-70.18529584135925,8.64276945419353,41.60440670331827,44.9097514945464,-40.0,-40.0,-40.0,-40.0,-40.0,1642230745.645657,789179835.4511478,99.73148689375752,62.53384085970827,60.5254444614548,3,98.1583705666797,UE16,529.2883848424142,740.5834236143443
2024-08-18T10:14:01.538079Z,25.108986572522035,-64.16330873559102,-40.0,3157727799.6523004,52.6914392263468,0,2024-08-18 10:13:48.969011,6.0,,,,1,-69.39072252933042,93.35969250227636,97.10672610085943,82.93386435917468,24.481471451873308,-40.0,-40.0,-40.0,-40.0,-40.0,947618020.9409808,77.8502312194015,23.98913690338288,70.83515675936728,78.3225734425342,3,64.18087298226003,UE17,145.4533734057148,453.4693263361533
2024-08-18T10:14:02.273039Z,25.31670527084531,-68.97758328729023,-40.0,35.79889204450365,4.4612924418376245,1,2024-08-18 10:13:48.969061,1.0,3.0,4.0,5.0,6,-72.91033556982735,-74.7377067440701,-72.41160601940909,-73.83172550877309,81.33487629956677,-40.0,-40.0,-40.0,-40.0,-40.0,26.8466573028848,1.3334192867871877,14.678909331402894,340826231.9641475,28.47774346799271,3,24.29444869840173,UE18,464.8876674222934,552.6361709340534
2024-08-18T10:14:03.040937Z,25.208198877514228,-68.05133591915865,-40.0,1289947312.8803165,87.99604304015783,1,2024-08-18 10:13:48.969134,1.0,4.0,5.0,,6,-74.4582996780442,-71.33243272221006,-71.76848341934287,50.67122714044349,42.542686985397424,-40.0,-40.0,-40.0,-40.0,-40.0,14.661435179152148,26.87865436556627,548096744.0230986,79.49775267870608,55.17479376391773,3,85.59155290894788,UE19,470.7133517990524,593.5135416427398
2024-08-18T10:14:03.770352Z,25.31918546696781,-70.12278519826943,-40.0,800621123.4190195,26.251434627402325,1,2024-08-18 10:13:48.969196,,,,,3,60.7554575842959,99.61412053407771,25.49461878048087,79.02338661048833,17.404950660835613,-40.0,-40.0,-40.0,-40.0,-40.0,58.67849263123899,58.15192547024679,36.65921923003193,49.10175176344116,42.485561846595296,3,4.058162508190785,UE20,984.6435578695972,145.28639464138058
2024-08-18T10:14:04.505811Z,25.55855875899597,-45.00136967985216,-40.0,260356602785.30933,16.94047059991501,0,2024-08-18 10:13:48.969243,2.0,,,,1,-70.68881275457957,12.539992572015654,90.99486711719216,45.39595243685937,25.83056331432163,-40.0,-40.0,-40.0,-40.0,-40.0,702787921.1114874,66.87798668183225,22.050405995899865,61.10824387555824,85.91354291192138,3,74.22908004313103,UE21,275.17998473844006,262.4554344684389
2024-08-18T10:14:05.263574Z,25.445994744571124,-56.02258290424474,-40.0,20580090188.959507,76.66134327598205,1,2024-08-18 10:13:48.969425,4.0,,,,5,-72.47617214958797,37.94604618520929,35.89793630938071,37.88718194085661,97.29155276380206,-40.0,-40.0,-40.0,-40.0,-40.0,465680817.9755837,42.26400199793136,46.82078888509215,99.27193373980003,87.92595484356345,3,82.53197602158876,UE22,554.142941601796,955.9793802656068
2024-08-18T10:14:05.995906Z,25.38533466176323,-60.24165498859156,-40.0,7790046772.1165085,87.54341761336758,1,2024-08-18 10:13:48.969531,,,,,3,44.2649323402942,55.29981614113201,19.805077315422057,23.567544824751543,85.62868670666646,-40.0,-40.0,-40.0,-40.0,-40.0,29.47283585806756,85.61235856079843,72.20722830965015,42.1427894583044,52.57403369059113,3,92.89533486043314,UE23,853.7844194603432,198.3930185162057
2024-08-18T10:14:06.729882Z,25.208417599048683,-69.84231466336814,-40.0,854031909.6024606,18.19129716524916,0,2024-08-18 10:13:48.969584,6.0,,,,1,-71.64228590101513,20.431898134872657,36.76723523733947,55.03853894045508,55.80835249661708,-40.0,-40.0,-40.0,-40.0,-40.0,564257023.9995611,76.15372751373424,24.69085267047837,47.38905274888853,73.59743968270737,3,11.372516882228895,UE24,39.95319211394475,471.04859549580254
2024-08-18T10:14:07.471468Z,25.399494474503083,-59.12729941703168,-40.0,10068751498.040194,86.87777025361449,1,2024-08-18 10:13:48.969637,2.0,,,,3,-74.32747331140182,70.1937778017996,14.518788742229727,61.6042923846744,96.81445182722632,-40.0,-40.0,-40.0,-40.0,-40.0,304059259.1113821,30.011643966332155,68.27213227867749,16.11240561082941,96.69900454394336,3,82.12105559540088,UE25,828.5362072833524,190.66873894937893
2024-08-18T10:14:08.210819Z,25.261562034687664,-50.42743342829587,-40.0,74638382856.5376,1.8341731690386127,0,2024-08-18 10:13:48.969688,1.0,3.0,,,2,-70.59697407985269,-69.1242473775986,15.853429114615478,40.42434929924098,8.624854036441638,-40.0,-40.0,-40.0,-40.0,-40.0,717807771.6501812,1007582988.111474,59.60406292300361,22.817011596766992,20.897095264656546,3,20.95689590126617,UE26,511.8497192918487,188.1613093883627
2024-08-18T10:14:08.949809Z,25.46480717894049,-69.3921952370855,-40.0,947296734.8383946,32.53162393786169,0,2024-08-18 10:13:48.969743,1.0,,,,6,-72.17350798908339,41.38520089064993,46.89139228285962,46.58809498423928,39.242556120143234,-40.0,-40.0,-40.0,-40.0,-40.0,499292181.2180052,66.03478168934704,93.10481285703828,19.934155725669143,18.464592469018047,3,30.069038266712912,UE27,38.95969006449331,535.1263291955164
2024-08-18T10:14:09.683252Z,25.134037035763576,-70.84676161270838,-40.0,677687387.169634,12.557615516740226,1,2024-08-18 10:13:48.969793,6.0,,,,1,-72.01143286548267,4.167300159390717,92.56747084897803,96.07758937687292,69.91580902789369,-40.0,-40.0,-40.0,-40.0,-40.0,518277407.3060622,66.27360670075197,80.12826205312619,15.50629342316763,92.75179760330238,3,52.95430876580965,UE28,21.765567775634445,478.0488268307138
2024-08-18T10:14:10.427498Z,25.35677819347918,-71.81035019354829,-40.0,542838378.7151575,99.03007642884566,1,2024-08-18 10:13:48.969843,1.0,,,,2,-70.89812123912468,93.32071843774284,26.400477363576748,32.54876399659232,39.04148402474696,-40.0,-40.0,-40.0,-40.0,-40.0,669720264.6292238,33.39575072370783,15.722027027518909,55.7544755309877,11.127717714052578,3,83.83232140165953,UE29,240.68986010668797,9.696967179979254
2024-08-18T10:14:11.161114Z,25.471437946652227,-57.74376736650567,-40.0,13846143472.86406,98.112883668921,0,2024-08-18 10:13:48.969893,6.0,,,,5,-67.02047614588064,23.9237227105634,27.086414610002883,85.57075560665369,47.69050116060367,-40.0,-40.0,-40.0,-40.0,-40.0,1635527871.6213217,14.531967783424264,32.40890350497305,12.001450909406822,36.411387956122766,3,49.14136472372537,UE30,390.1771376485862,880.9040449352631
2024-08-18T10:14:11.889872Z,25.57409538925565,-37.592675148571175,-40.0,1433633198090.581,7.984893882841666,1,2024-08-18 10:13:48.969943,1.0,3.0,,,2,-71.67427096039202,-70.92085755531922,68.29684323283705,54.00051776500317,89.0552340551325,-40.0,-40.0,-40.0,-40.0,-40.0,560116631.1250619,666223286.5545139,71.940769146638,88.84004207450103,56.260581316729926,3,35.00612408003422,UE31,505.688374962157,132.41260090223915
2024-08-18T10:14:12.626420Z,25.422192894646983,-67.49209584469094,-40.0,1467222504.3479578,45.777802656773545,0,2024-08-18 10:13:48.969997,,,,,4,87.42726049010142,44.72352192492997,18.011626697135323,96.32410749884478,60.96653470126819,-40.0,-40.0,-40.0,-40.0,-40.0,73.46869622219218,84.83998793749139,66.5401007868413,52.81395624566784,77.67102907013285,3,5.375615969123031,UE32,969.3894518362132,625.087728858745
2024-08-18T10:14:13.362641Z,25.55417741059102,-56.49042827799599,-40.0,18478330743.725544,26.6897967251432,1,2024-08-18 10:13:48.970043,1.0,,,,6,-70.79116998442007,35.98405506807872,38.7642679221999,57.09033700403461,91.85937014335951,-40.0,-40.0,-40.0,-40.0,-40.0,686417845.2760688,63.44742121161332,14.36328669414521,85.6432913970784,59.06533158280718,3,4.531942128119165,UE33,239.97755748670767,588.2343126348576
2024-08-18T10:14:14.102728Z,25.48075992506148,-63.30156050497341,-40.0,3850787147.0778127,9.548262861713056,1,2024-08-18 10:13:48.970094,4.0,5.0,,,6,-73.05750346670546,-69.53019546757658,42.39193753313453,79.40346717268518,88.41875869645617,-40.0,-40.0,-40.0,-40.0,-40.0,407338272.6581879,917668907.828701,83.06232450147532,40.841682096088455,81.39318586604014,3,99.61015224332348,UE34,419.7302533620862,644.5299747300608
2024-08-18T10:14:14.836551Z,25.003853826515037,-51.27036242795319,-40.0,61470864555.19355,25.320947048536933,0,2024-08-18 10:13:48.970149,2.0,,,,3,-68.57683052108516,31.288051875416,76.79490081065617,89.02988453501109,53.5390836997429,-40.0,-40.0,-40.0,-40.0,-40.0,1142937578.261345,54.96787140487682,68.75513037701667,59.23447033858017,78.17783965521714,3,49.55472752136814,UE35,681.1728550694663,265.2070482766467
2024-08-18T10:14:15.613456Z,25.484098202952516,-69.27090460105178,-40.0,974125930.2396656,31.76043586924721,0,2024-08-18 10:13:48.970199,1.0,,,,6,-71.50562947394417,95.472644495532,83.91320498368552,25.14210045859028,46.33253822941805,-40.0,-40.0,-40.0,-40.0,-40.0,582294404.3234192,45.015972522860906,10.362286714054338,54.26126868606908,54.15961737210359,3,58.55671235888535,UE36,49.21392271191221,526.0323665264086
2024-08-18T10:14:16.340280Z,25.44048512577853,-60.94702612326169,-40.0,6622210045.823367,46.49478317377095,1,2024-08-18 10:13:48.970248,1.0,,,,6,-69.62102251076816,79.11412008436454,79.03437162256141,50.798400773422735,66.66430928997335,-40.0,-40.0,-40.0,-40.0,-40.0,898676350.5511905,71.62223117314639,19.55321383566328,15.136213978214968,92.3150845544307,3,86.66047564568711,UE37,310.2543280431396,560.0581820518618
2024-08-18T10:14:17.075622Z,25.30272571851837,-63.67302846560469,-40.0,3535108253.864697,96.69857562607471,0,2024-08-18 10:13:48.970297,4.0,,,,3,-66.53505434020343,88.32930596481656,13.583655455656894,74.43052359042831,30.80670709475466,-40.0,-40.0,-40.0,-40.0,-40.0,1828942829.0068808,71.25439113569718,46.25594298306182,14.434539105047737,3.904050159802351,3,45.13256335679256,UE38,739.0050349566217,482.7373791202535
2024-08-18T10:14:17.832664Z,25.45940234949369,-60.53854500230194,-40.0,7275302638.634333,18.301645467702247,1,2024-08-18 10:13:48.970346,1.0,,,,2,-66.61751858711176,52.97311094188117,41.20170213851665,38.238187164590286,17.450896999683085,-40.0,-40.0,-40.0,-40.0,-40.0,1794542323.2258272,21.1994299947784,36.11645924518437,49.4438886324958,26.473539092666897,3,29.18544391033838,UE39,366.9406759095888,115.146292628878
2024-08-18T10:14:18.567523Z,25.281166454079724,-60.99957590414701,-40.0,6542563909.955431,74.59722388398704,1,2024-08-18 10:13:48.970396,5.0,,,,4,-74.99309825169252,32.26219845502956,74.15760148975765,79.75485865204509,61.83922298780956,-40.0,-40.0,-40.0,-40.0,-40.0,260852941.81109884,76.64540445351369,6.734339612497839,78.54645007851556,63.7014436374124,3,79.39965340188607,UE40,845.0544624987155,816.1108382453043
2024-08-18T10:14:19.297133Z,25.355590531232096,-53.74807431653727,-40.0,34745465335.38839,99.7476010139779,1,2024-08-18 10:13:48.970445,3.0,,,,4,-71.57878666105975,19.2214838547318,69.01862850708574,70.31542919848035,43.87353926672317,-40.0,-40.0,-40.0,-40.0,-40.0,572567770.2104487,68.5630514536664,57.25021684671736,17.37831941078666,45.11723453681063,3,49.73819848188188,UE41,751.6201399063027,609.4038102076047
2024-08-18T10:14:20.023227Z,25.01272719603144,-47.55827448656136,-40.0,144503416556.41846,50.06118746502068,0,2024-08-18 10:13:48.970494,1.0,5.0,,,6,-73.72800222042711,-73.51047924632462,38.61393375758482,52.01717614912886,81.01441818307921,-40.0,-40.0,-40.0,-40.0,-40.0,349064225.8423714,366992880.699762,98.9165557593048,29.545778402125777,84.76273718852302,3,3.5498400985432204,UE42,277.0676387167647,648.9620954887686
2024-08-18T10:14:20.764282Z,25.2547952249022,-64.5776275566237,-40.0,2870402558.178803,75.33848143521912,0,2024-08-18 10:13:48.970549,1.0,4.0,5.0,,6,-74.17720282121677,-73.1015419374351,-71.08047422841419,45.85587635262907,59.05601866065668,-40.0,-40.0,-40.0,-40.0,-40.0,23.50699316120689,16.764357620281686,642182019.0286239,56.93838481114145,2.0379390097938304,3,92.23500296862684,UE43,425.0193152658716,615.1764952550265
2024-08-18T10:14:21.505559Z,25.40190155782616,-39.55829321919347,-40.0,911750987079.802,59.86066912816361,0,2024-08-18 10:13:48.970717,2.0,,,,3,-71.66616243237085,39.1517169548744,10.639155819057224,96.36958683182758,19.05847506537649,-40.0,-40.0,-40.0,-40.0,-40.0,561163377.9882157,67.83103457059636,8.453186441392297,46.15915706988751,49.19712522821107,3,74.94118123657165,UE44,726.4021329339363,291.6102219249764
2024-08-18T10:14:22.239152Z,25.111289708594395,-61.19233086866741,-40.0,6258532001.221224,89.60916548696937,0,2024-08-18 10:13:48.970771,5.0,,,,6,-65.65805907881108,72.78081299711403,78.39341818734202,82.72894800642442,39.66229328954729,-40.0,-40.0,-40.0,-40.0,-40.0,2238203941.4926634,96.83196745312928,25.38798689818176,11.005256514511167,51.90795899161848,3,57.25811604200167,UE45,314.5302736508963,840.833602123576
2024-08-18T10:14:22.984170Z,25.31794108689683,-65.5123191122354,-40.0,2314587763.731625,18.13972246021913,1,2024-08-18 10:13:48.970821,1.0,2.0,,,3,-71.52783789525891,-68.57409046176625,35.73535520243372,97.71760507063854,5.504306365717823,-40.0,-40.0,-40.0,-40.0,-40.0,579324338.6985538,1143658910.2227318,53.69056346641263,72.56214236117081,47.40138567262374,3,26.18195271118342,UE46,548.8211516254943,348.7834150610263
2024-08-18T10:14:23.713826Z,25.46539819632668,-71.45116628197125,-40.0,45.53826450710817,40.48088226562764,0,2024-08-18 10:13:48.970876,3.0,4.0,6.0,,1,-72.14699500868738,-73.24729935300374,-72.10155537220996,61.45098092666269,5.107895614623176,-40.0,-40.0,-40.0,-40.0,-40.0,4.970900982924566,8.653813465021933,9.60287355473957,78.88623582260355,62.482585011764655,3,4.1969020519154405,UE47,487.57058282803246,485.2333788857762
2024-08-18T10:14:24.483506Z,25.147121803956484,-51.370638228182585,-40.0,60067802099.764015,78.457204005835,0,2024-08-18 10:13:48.970941,4.0,6.0,,,5,-68.83766788620404,-74.09483844714246,75.80889305306076,97.6311671940434,78.4656549639483,-40.0,-40.0,-40.0,-40.0,-40.0,1076313469.9536023,320790663.1749148,85.6068043014126,57.34599712024803,15.640928584777487,3,50.32212735627948,UE48,569.1062375297739,877.5377684935179
2024-08-18T10:14:25.246205Z,25.11274560078824,-69.38975095720338,-40.0,947830038.8887384,51.417984770826656,1,2024-08-18 10:13:48.970997,,,,,1,2.9620182489077576,12.953792493994364,76.8393823791642,54.78381848448693,14.711931651249657,-40.0,-40.0,-40.0,-40.0,-40.0,52.250350707165865,10.63504690307126,16.69975803906111,86.5872053526625,32.73789996098971,3,89.14973130724981,UE49,7.326813800315404,198.8903976032968
